condition,drugName,avg_rating,total_useful_count
ADHD,Selegiline,10.0,17
ADHD,ProCentra,10.0,2
ADHD,Desoxyn,9.5625,1343
ADHD,Cylert,9.5,67
ADHD,Pemoline,9.5,59
ADHD,Catapres,9.333333333333334,120
ADHD,Provigil,9.0,427
ADHD,Wellbutrin XL,9.0,416
ADHD,Ritalin LA,9.0,116
ADHD,Desvenlafaxine,9.0,16
ADHD,Ritalin-SR,9.0,1
ADHD,Clonidine,8.916666666666666,1324
ADHD,Modafinil,8.75,818
ADHD,Dextroamphetamine,8.691176470588236,2269
ADHD,Amantadine,8.666666666666666,47
ADHD,Dexedrine,8.63265306122449,2267
ADHD,Methamphetamine,8.565217391304348,1396
ADHD,Methylin,8.5,185
ADHD,Zenzedi,8.5,96
ADHD,Methylin ER,8.428571428571429,141
ADHD,Nuvigil,8.333333333333334,266
ADHD,Adderall,8.33125,7186
ADHD,Daytrana,8.244444444444444,1007
ADHD,Adderall XR,8.14018691588785,3221
ADHD,Wellbutrin SR,8.0,613
ADHD,Omega-3 polyunsaturated fatty acids,8.0,264
ADHD,Amphetamine / dextroamphetamine,7.997167138810198,11282
ADHD,Kapvay,7.833333333333333,983
ADHD,Bupropion,7.793103448275862,4180
ADHD,Focalin XR,7.78,1691
ADHD,Vyvanse,7.698979591836735,12701
ADHD,Lisdexamfetamine,7.628992628992629,12812
ADHD,Evekeo,7.538461538461538,142
ADHD,Ritalin,7.524590163934426,2204
ADHD,Dexmethylphenidate,7.443298969072165,3234
ADHD,Armodafinil,7.375,232
ADHD,Methylphenidate,7.342783505154639,12436
ADHD,Concerta,7.247368421052632,7645
ADHD,Pristiq,7.0,27
ADHD,Focalin,6.9,1541
ADHD,Metadate CD,6.851851851851852,727
ADHD,Amphetamine,6.613636363636363,406
ADHD,Dyanavel XR,6.375,71
ADHD,Aptensio XR,6.333333333333333,22
ADHD,Adzenys XR-ODT,6.277777777777778,152
ADHD,Intuniv,6.060975609756097,5320
ADHD,Desipramine,6.0,8
ADHD,Guanfacine,5.890756302521009,6287
ADHD,Strattera,5.50761421319797,6760
ADHD,Wellbutrin,5.5,448
ADHD,Atomoxetine,5.4088669950738915,7162
ADHD,Quillivant XR,5.3,84
ADHD,Mydayis,4.7272727272727275,108
ADHD,Imipramine,3.0,23
ADHD,Tenex,1.0,13
Abnormal Uterine Bleeding,Megace,10.0,107
Abnormal Uterine Bleeding,Lo / Ovral-28,10.0,9
Abnormal Uterine Bleeding,CamreseLo,10.0,2
Abnormal Uterine Bleeding,Nortrel 1 / 35,10.0,2
Abnormal Uterine Bleeding,Tri-Lo-Marzia,10.0,2
Abnormal Uterine Bleeding,Loestrin 21 1 / 20,9.0,4
Abnormal Uterine Bleeding,Mestranol / norethindrone,9.0,1
Abnormal Uterine Bleeding,Necon 1 / 50,9.0,0
Abnormal Uterine Bleeding,Microgestin Fe 1.5 / 30,8.5,9
Abnormal Uterine Bleeding,Ortho Micronor,8.25,142
Abnormal Uterine Bleeding,Ortho-Novum 7 / 7 / 7,8.0,8
Abnormal Uterine Bleeding,Low-Ogestrel-21,8.0,4
Abnormal Uterine Bleeding,TriNessa Lo,8.0,1
Abnormal Uterine Bleeding,Aviane,7.666666666666667,24
Abnormal Uterine Bleeding,Necon 1 / 35,7.666666666666667,6
Abnormal Uterine Bleeding,Tri-Linyah,7.5,2
Abnormal Uterine Bleeding,Sronyx,6.666666666666667,15
Abnormal Uterine Bleeding,Levlen,6.666666666666667,9
Abnormal Uterine Bleeding,Megestrol,6.5,437
Abnormal Uterine Bleeding,Loestrin 24 Fe,6.424242424242424,416
Abnormal Uterine Bleeding,Ortho Tri-Cyclen,6.333333333333333,31
Abnormal Uterine Bleeding,Mononessa,6.315789473684211,189
Abnormal Uterine Bleeding,Apri,6.0,16
Abnormal Uterine Bleeding,Seasonale,6.0,5
Abnormal Uterine Bleeding,Balziva,6.0,1
Abnormal Uterine Bleeding,TriNessa,5.833333333333333,52
Abnormal Uterine Bleeding,Ethinyl estradiol / norgestrel,5.823529411764706,58
Abnormal Uterine Bleeding,Desogestrel / ethinyl estradiol,5.75,14
Abnormal Uterine Bleeding,Orsythia,5.666666666666667,19
Abnormal Uterine Bleeding,Previfem,5.666666666666667,3
Abnormal Uterine Bleeding,Ethinyl estradiol / norethindrone,5.435294117647059,602
Abnormal Uterine Bleeding,Junel Fe 1 / 20,5.428571428571429,78
Abnormal Uterine Bleeding,Levonorgestrel,5.322463768115942,4023
Abnormal Uterine Bleeding,Mirena,5.2204724409448815,3924
Abnormal Uterine Bleeding,Conjugated estrogens,5.0,9
Abnormal Uterine Bleeding,Nora-Be,4.9,167
Abnormal Uterine Bleeding,Tri-Sprintec,4.84,207
Abnormal Uterine Bleeding,Ortho Tri-Cyclen Lo,4.75,21
Abnormal Uterine Bleeding,Provera,4.666666666666667,1469
Abnormal Uterine Bleeding,Microgestin Fe 1 / 20,4.6,21
Abnormal Uterine Bleeding,Gildess Fe 1.5 / 30,4.5,24
Abnormal Uterine Bleeding,Ethinyl estradiol / norgestimate,4.45945945945946,1011
Abnormal Uterine Bleeding,Ethinyl estradiol / levonorgestrel,4.388888888888889,671
Abnormal Uterine Bleeding,LoSeasonique,4.363636363636363,82
Abnormal Uterine Bleeding,Lutera,4.333333333333333,27
Abnormal Uterine Bleeding,Cryselle,4.333333333333333,19
Abnormal Uterine Bleeding,Levora,4.25,14
Abnormal Uterine Bleeding,Estarylla,4.181818181818182,43
Abnormal Uterine Bleeding,Alesse,4.142857142857143,22
Abnormal Uterine Bleeding,Norethindrone,4.064516129032258,886
Abnormal Uterine Bleeding,Heather,4.0,22
Abnormal Uterine Bleeding,Microgestin 1 / 20,4.0,19
Abnormal Uterine Bleeding,Falmina,4.0,2
Abnormal Uterine Bleeding,Sprintec,3.9444444444444446,265
Abnormal Uterine Bleeding,Seasonique,3.8947368421052633,332
Abnormal Uterine Bleeding,Aygestin,3.6666666666666665,33
Abnormal Uterine Bleeding,Jolessa,3.6666666666666665,11
Abnormal Uterine Bleeding,Premarin,3.6666666666666665,11
Abnormal Uterine Bleeding,Errin,3.5,41
Abnormal Uterine Bleeding,Gildess Fe 1 / 20,3.5,4
Abnormal Uterine Bleeding,Ethinyl estradiol / etonogestrel,3.5,0
Abnormal Uterine Bleeding,Tri-Previfem,3.3636363636363638,117
Abnormal Uterine Bleeding,Medroxyprogesterone,3.2905759162303663,6298
Abnormal Uterine Bleeding,Depo-Provera,3.1545189504373177,4770
Abnormal Uterine Bleeding,Quasense,3.0,37
Abnormal Uterine Bleeding,Chateal,3.0,0
Abnormal Uterine Bleeding,Ethinyl estradiol / ethynodiol,3.0,0
Abnormal Uterine Bleeding,Lyza,2.6,51
Abnormal Uterine Bleeding,Jolivette,2.25,66
Abnormal Uterine Bleeding,Amethia Lo,2.0,1
Abnormal Uterine Bleeding,Tri-Lo-Sprintec,1.1428571428571428,20
Abnormal Uterine Bleeding,Camila,1.0,23
Abnormal Uterine Bleeding,Junel Fe 1.5 / 30,1.0,21
Abnormal Uterine Bleeding,Alyacen 1 / 35,1.0,2
Acne,Septra,10.0,39
Acne,Clindagel,10.0,32
Acne,Ery Pads,10.0,27
Acne,Erythromycin,10.0,27
Acne,Norinyl 1+35,10.0,25
Acne,Avar,10.0,18
Acne,Oxy-10,10.0,16
Acne,Avita,10.0,14
Acne,Pernox,10.0,7
Acne,Salicylic acid / sulfur,10.0,7
Acne,PanOxyl 10% Acne Foaming Wash,10.0,5
Acne,Salicylic acid,10.0,5
Acne,Benzoyl peroxide / sulfur,10.0,3
Acne,Fostex Medicated,10.0,3
Acne,NuOx,10.0,3
Acne,Resorcinol / sulfur,10.0,3
Acne,Hexachlorophene,10.0,1
Acne,Sulfur,10.0,1
Acne,Benzoyl peroxide / hydrocortisone,10.0,0
Acne,Aldactone,9.75,382
Acne,PanOxyl,9.6,92
Acne,Clarifoam EF,9.2,105
Acne,Doxy 100,9.0,141
Acne,BP Wash,9.0,13
Acne,Vibramycin,9.0,13
Acne,Azelex,9.0,9
Acne,Tretin-X,9.0,7
Acne,Fabior,9.0,6
Acne,Vestura,9.0,3
Acne,Bactrim,8.903846153846153,1307
Acne,Benzaclin,8.865384615384615,758
Acne,Benzoyl peroxide,8.818181818181818,346
Acne,Benzoyl peroxide / erythromycin,8.75,325
Acne,Adoxa,8.666666666666666,65
Acne,Bactrim DS,8.533333333333333,227
Acne,Myorisan,8.5,22
Acne,Altabax,8.5,6
Acne,Accutane,8.401869158878505,7503
Acne,Sulfamethoxazole / trimethoprim,8.387096774193548,1659
Acne,Isotretinoin,8.381044487427467,9588
Acne,Onexton,8.357142857142858,125
Acne,Magnesium hydroxide,8.333333333333334,88
Acne,Retin A Micro,8.333333333333334,88
Acne,Acticlate,8.333333333333334,25
Acne,Azelaic acid,8.3125,311
Acne,Retin-A,8.28125,1175
Acne,Claravis,8.25,914
Acne,Finacea,8.25,327
Acne,Tetracycline,8.222222222222221,197
Acne,Ocella,8.222222222222221,105
Acne,Zenatane,8.166666666666666,47
Acne,Atralin,8.08,722
Acne,Cephalexin,8.0,18
Acne,Ortho-Novum 1 / 35,8.0,15
Acne,Dynacin,8.0,10
Acne,Sumadan,8.0,9
Acne,Retapamulin,8.0,4
Acne,Benzoyl peroxide / salicylic acid,8.0,0
Acne,Monodox,7.913043478260869,490
Acne,Tretinoin,7.881578947368421,5024
Acne,Amnesteem,7.809523809523809,233
Acne,Benzoyl peroxide / clindamycin,7.782442748091603,3180
Acne,Gianvi,7.7727272727272725,196
Acne,Drospirenone / ethinyl estradiol / levomefolate calcium,7.7368421052631575,207
Acne,Clindamycin,7.73469387755102,1660
Acne,Beyaz,7.722222222222222,173
Acne,Spironolactone,7.713483146067416,4473
Acne,Tazarotene,7.666666666666667,129
Acne,Minocin,7.666666666666667,104
Acne,Benzamycin,7.666666666666667,91
Acne,Veltin,7.647058823529412,181
Acne,Doryx,7.622222222222222,955
Acne,Duac,7.55,1919
Acne,Adapalene / benzoyl peroxide,7.521410579345088,4322
Acne,Doxycycline,7.437673130193906,5478
Acne,Acanya,7.4222222222222225,495
Acne,Adapalene,7.4147727272727275,3334
Acne,Clindamycin / tretinoin,7.378378378378378,799
Acne,Sulfacetamide sodium / sulfur,7.333333333333333,190
Acne,BenzEFoam,7.333333333333333,61
Acne,Epiduo,7.33248730964467,4822
Acne,Ziana,7.304347826086956,637
Acne,Aczone,7.294573643410852,2035
Acne,Tazorac,7.285714285714286,34
Acne,Epiduo Forte,7.277777777777778,74
Acne,Differin,7.273684210526316,2424
Acne,Dapsone,7.2362204724409445,2153
Acne,Drospirenone / ethinyl estradiol,7.015075376884422,2937
Acne,Yaz,7.0,1188
Acne,SMZ-TMP DS,7.0,66
Acne,Milk of Magnesia,7.0,44
Acne,Solodyn,6.966666666666667,1196
Acne,Yasmin,6.796875,1093
Acne,TriNessa,6.783333333333333,625
Acne,Keflex,6.666666666666667,69
Acne,Minocycline,6.387931034482759,2903
Acne,Cyclafem 1 / 35,6.0,11
Acne,TriNessa Lo,6.0,6
Acne,Junel Fe 1 / 20,5.923076923076923,130
Acne,Ethinyl estradiol / norgestimate,5.897674418604651,1947
Acne,Loryna,5.8,51
Acne,Tri-Previfem,5.678571428571429,337
Acne,Ortho Tri-Cyclen,5.641025641025641,511
Acne,Estarylla,5.5,30
Acne,Absorica,5.5,13
Acne,Tri-Sprintec,5.388059701492537,614
Acne,Tri-Linyah,5.0,18
Acne,Gildess Fe 1.5 / 30,4.5,10
Acne,Microgestin Fe 1 / 20,4.285714285714286,125
Acne,Gildess Fe 1 / 20,4.111111111111111,17
Acne,Ethinyl estradiol / norethindrone,3.9069767441860463,1052
Acne,Loestrin 24 Fe,3.206896551724138,692
Acne,Microgestin Fe 1.5 / 30,2.8,7
Acne,Junel Fe 1.5 / 30,2.0,1
Acne,Loestrin Fe 1 / 20,2.0,0
Acne,Tri-Estarylla,1.5,1
Acne,femhrt,1.0,2
Anxiety,Wellbutrin,10.0,300
Anxiety,Diazepam Intensol,10.0,136
Anxiety,Alprazolam Intensol,10.0,90
Anxiety,Tranxene SD,10.0,77
Anxiety,Lorazepam Intensol,10.0,68
Anxiety,Phenytoin,10.0,45
Anxiety,Zetran,10.0,44
Anxiety,Pexeva,10.0,26
Anxiety,Micrainin,10.0,3
Anxiety,Niravam,9.8,184
Anxiety,Amitriptyline / chlordiazepoxide,9.666666666666666,28
Anxiety,Klonopin Wafer,9.6,90
Anxiety,Amitriptyline / perphenazine,9.5,65
Anxiety,Triavil,9.5,65
Anxiety,Limbitrol DS,9.5,26
Anxiety,Tramadol,9.454545454545455,2121
Anxiety,Tranxene,9.25,270
Anxiety,Oxazepam,9.208333333333334,1292
Anxiety,Valium,9.071428571428571,9338
Anxiety,Xanax XR,9.047619047619047,948
Anxiety,Miltown,9.0,78
Anxiety,Serzone,9.0,59
Anxiety,Alprazolam,8.869158878504672,16493
Anxiety,Diazepam,8.857843137254902,13103
Anxiety,Clorazepate,8.833333333333334,848
Anxiety,Xanax,8.713780918727915,13722
Anxiety,Klonopin,8.681222707423581,13946
Anxiety,Tenormin,8.666666666666666,348
Anxiety,Paxil CR,8.666666666666666,111
Anxiety,Clonazepam,8.612244897959183,15724
Anxiety,Viibryd,8.6,664
Anxiety,Lorazepam,8.327759197324415,11321
Anxiety,Serax,8.285714285714286,466
Anxiety,Ativan,8.272189349112425,9271
Anxiety,Chlordiazepoxide,8.2,412
Anxiety,Gabapentin,8.015544041450777,15729
Anxiety,Neurontin,8.0,1307
Anxiety,Desyrel,8.0,210
Anxiety,Trileptal,8.0,138
Anxiety,Propranolol,7.98936170212766,3625
Anxiety,Trazodone,7.928571428571429,3528
Anxiety,Escitalopram,7.909090909090909,18227
Anxiety,Lexapro,7.841397849462366,17326
Anxiety,Meprobamate,7.8,106
Anxiety,Atenolol,7.578947368421052,1039
Anxiety,Effexor XR,7.5353535353535355,6714
Anxiety,Clonidine,7.523809523809524,1122
Anxiety,Doxepin,7.5,250
Anxiety,Librium,7.5,241
Anxiety,Paroxetine,7.430303030303031,8623
Anxiety,Desvenlafaxine,7.391752577319588,2633
Anxiety,Paxil,7.386363636363637,8321
Anxiety,Remeron,7.277777777777778,1706
Anxiety,Cymbalta,7.185483870967742,6998
Anxiety,Mirtazapine,7.093959731543624,8448
Anxiety,Pristiq,7.061538461538461,1613
Anxiety,Bupropion,7.0181818181818185,2780
Anxiety,Dilantin,7.0,39
Anxiety,Lamotrigine,6.95,431
Anxiety,Duloxetine,6.88,6482
Anxiety,Venlafaxine,6.813793103448276,7266
Anxiety,Vilazodone,6.7,779
Anxiety,BuSpar,6.476394849785407,19859
Anxiety,Atarax,6.26,2968
Anxiety,Buspirone,6.164619164619165,20364
Anxiety,Risperidone,6.0476190476190474,778
Anxiety,Wellbutrin XL,6.0,223
Anxiety,Nadolol,6.0,18
Anxiety,Trifluoperazine,6.0,13
Anxiety,Vistaril,5.712765957446808,5858
Anxiety,Hydroxyzine,5.67936507936508,12152
Anxiety,Prochlorperazine,5.333333333333333,112
Anxiety,Stelazine,5.0,34
Anxiety,Nefazodone,5.0,25
Anxiety,Catapres,4.5,148
Anxiety,Oxcarbazepine,4.444444444444445,150
Anxiety,Compazine,3.6666666666666665,97
Anxiety,Vanspar,1.0,10
Anxiety and Stress,Luvox CR,10.0,40
Anxiety and Stress,Elavil,9.88888888888889,1315
Anxiety and Stress,Prazosin,9.833333333333334,512
Anxiety and Stress,Prozac Weekly,9.0,56
Anxiety and Stress,Kava,9.0,8
Anxiety and Stress,Effexor XR,7.95,635
Anxiety and Stress,Zoloft,7.877551020408164,2130
Anxiety and Stress,Citalopram,7.685851318944844,25233
Anxiety and Stress,Effexor,7.666666666666667,1241
Anxiety and Stress,Prozac,7.653061224489796,13896
Anxiety and Stress,Fluoxetine,7.636363636363637,17933
Anxiety and Stress,Celexa,7.542016806722689,19661
Anxiety and Stress,Sertraline,7.4575471698113205,8973
Anxiety and Stress,Amitriptyline,7.454545454545454,4714
Anxiety and Stress,Venlafaxine,7.294117647058823,1922
Anxiety and Stress,Paroxetine,6.6521739130434785,2534
Anxiety and Stress,Paxil,6.2407407407407405,2507
Anxiety and Stress,Fluvoxamine,6.107142857142857,965
Anxiety and Stress,Luvox,5.625,893
Bipolar Disorde,Eskalith-CR,10.0,75
Bipolar Disorde,Klonopin Wafer,10.0,30
Bipolar Disorde,Tiagabine,10.0,9
Bipolar Disorde,Nuvigil,9.666666666666666,251
Bipolar Disorde,Armodafinil,9.555555555555555,332
Bipolar Disorde,Eskalith,9.5,146
Bipolar Disorde,Lamictal ODT,9.0,33
Bipolar Disorde,Trilafon,9.0,13
Bipolar Disorde,Klonopin,8.68421052631579,1630
Bipolar Disorde,Neurontin,8.666666666666666,531
Bipolar Disorde,Trileptal,8.608695652173912,1637
Bipolar Disorde,Iloperidone,8.555555555555555,75
Bipolar Disorde,Gabapentin,8.515625,3379
Bipolar Disorde,Clonazepam,8.36,1672
Bipolar Disorde,Wellbutrin XL,8.333333333333334,86
Bipolar Disorde,Fluoxetine / olanzapine,8.318181818181818,612
Bipolar Disorde,Lamictal,8.28,16696
Bipolar Disorde,Lamotrigine,8.27832512315271,18463
Bipolar Disorde,Symbyax,8.227272727272727,667
Bipolar Disorde,Pristiq,8.166666666666666,121
Bipolar Disorde,Oxcarbazepine,8.093333333333334,2938
Bipolar Disorde,Effexor,8.0,363
Bipolar Disorde,Zyprexa Zydis,8.0,87
Bipolar Disorde,Abilify Discmelt,8.0,8
Bipolar Disorde,Epitol,7.888888888888889,154
Bipolar Disorde,Citalopram,7.857142857142857,119
Bipolar Disorde,Topiramate,7.82089552238806,3806
Bipolar Disorde,Seroquel XR,7.725806451612903,1471
Bipolar Disorde,Desvenlafaxine,7.714285714285714,89
Bipolar Disorde,Lithium,7.6911764705882355,4980
Bipolar Disorde,Zoloft,7.625,144
Bipolar Disorde,Tegretol,7.607142857142857,1410
Bipolar Disorde,Sertraline,7.433333333333334,427
Bipolar Disorde,Lithobid,7.4,342
Bipolar Disorde,Perphenazine,7.4,82
Bipolar Disorde,Levetiracetam,7.4,52
Bipolar Disorde,Asenapine,7.37037037037037,4008
Bipolar Disorde,Depakote ER,7.3,273
Bipolar Disorde,Invega,7.25,181
Bipolar Disorde,Quetiapine,7.2312925170068025,7808
Bipolar Disorde,Seroquel,7.141414141414141,6521
Bipolar Disorde,Saphris,7.053030303030303,3773
Bipolar Disorde,Risperdal,7.0,1841
Bipolar Disorde,Clonidine,7.0,71
Bipolar Disorde,Budeprion XL,7.0,53
Bipolar Disorde,Equetro,7.0,24
Bipolar Disorde,Topamax,6.967741935483871,2343
Bipolar Disorde,Cymbalta,6.95,558
Bipolar Disorde,Paliperidone,6.933333333333334,336
Bipolar Disorde,Escitalopram,6.931034482758621,696
Bipolar Disorde,Lexapro,6.894736842105263,623
Bipolar Disorde,Lurasidone,6.866425992779783,12139
Bipolar Disorde,Venlafaxine,6.864864864864865,819
Bipolar Disorde,Latuda,6.822222222222222,12407
Bipolar Disorde,Cariprazine,6.703703703703703,1029
Bipolar Disorde,Valproic acid,6.666666666666667,88
Bipolar Disorde,Bupropion,6.65625,905
Bipolar Disorde,Zyprexa,6.563380281690141,2638
Bipolar Disorde,Olanzapine,6.5607476635514015,3019
Bipolar Disorde,Effexor XR,6.545454545454546,242
Bipolar Disorde,Duloxetine,6.454545454545454,584
Bipolar Disorde,Carbamazepine,6.39622641509434,1354
Bipolar Disorde,Risperidone,6.333333333333333,1989
Bipolar Disorde,Vraylar,6.333333333333333,810
Bipolar Disorde,Divalproex sodium,6.28125,4531
Bipolar Disorde,Abilify,6.173333333333333,3978
Bipolar Disorde,Depakote,6.064516129032258,4148
Bipolar Disorde,Wellbutrin,6.0,209
Bipolar Disorde,Keppra,6.0,6
Bipolar Disorde,Aripiprazole,5.734939759036145,3806
Bipolar Disorde,Geodon,5.724770642201835,2926
Bipolar Disorde,Tegretol XR,5.666666666666667,29
Bipolar Disorde,Catapres,5.666666666666667,23
Bipolar Disorde,Fanapt,5.5,54
Bipolar Disorde,Risperdal M-Tab,5.5,48
Bipolar Disorde,Ziprasidone,5.336283185840708,2661
Bipolar Disorde,Celexa,5.0,52
Bipolar Disorde,Depakene,5.0,35
Bipolar Disorde,Risperdal Consta,4.0,19
Bipolar Disorde,Carbatrol,2.0,16
Birth Control,Plan B,10.0,35
Birth Control,Elinest,10.0,7
Birth Control,Provera,10.0,0
Birth Control,Heather,9.75,73
Birth Control,Ortho-Novum 7 / 7 / 7,9.666666666666666,41
Birth Control,Ortho-Novum 1 / 35,8.5,17
Birth Control,Femcon Fe,8.166666666666666,29
Birth Control,Introvale,8.0,11
Birth Control,Rajani,8.0,4
Birth Control,Loestrin Fe 1.5 / 30,8.0,0
Birth Control,Microgestin 1.5 / 30,8.0,0
Birth Control,Zenchent,8.0,0
Birth Control,Lybrel,7.888888888888889,253
Birth Control,Junel Fe 24,7.666666666666667,2
Birth Control,Ortho Evra,7.470319634703197,2737
Birth Control,Kyleena,7.4635761589403975,346
Birth Control,Ortho-Cept,7.2727272727272725,40
Birth Control,Skyla,7.255474452554744,3096
Birth Control,Copper,7.230642504118616,4689
Birth Control,Trivora,7.142857142857143,40
Birth Control,Levonorgestrel,7.061061531235322,16614
Birth Control,Beyaz,7.0,738
Birth Control,Loestrin Fe 1 / 20,7.0,6
Birth Control,Caziant,7.0,0
Birth Control,Microgestin 1 / 20,6.964285714285714,196
Birth Control,Mirena,6.957512953367876,14059
Birth Control,Generess Fe,6.884615384615385,1036
Birth Control,Natazia,6.758620689655173,216
Birth Control,Azurette,6.75,59
Birth Control,NuvaRing,6.743548387096774,5268
Birth Control,Ethinyl estradiol / norelgestromin,6.718498659517426,3426
Birth Control,Levora,6.6947368421052635,746
Birth Control,Junel 1 / 20,6.666666666666667,5
Birth Control,Ethinyl estradiol / etonogestrel,6.632329635499207,5598
Birth Control,Dienogest / estradiol,6.625,157
Birth Control,Amethia,6.625,16
Birth Control,Aviane,6.616438356164384,1780
Birth Control,Ortho Cyclen,6.606060606060606,430
Birth Control,Cyred,6.6,9
Birth Control,Ortho Tri-Cyclen Lo,6.58659217877095,1715
Birth Control,Lutera,6.584615384615384,1892
Birth Control,Zarah,6.583333333333333,337
Birth Control,ParaGard,6.559782608695652,2907
Birth Control,Desogen,6.529411764705882,109
Birth Control,Loestrin 24 Fe,6.521739130434782,2417
Birth Control,Drospirenone / ethinyl estradiol / levomefolate calcium,6.513274336283186,1185
Birth Control,Altavera,6.428571428571429,26
Birth Control,Necon 1 / 35,6.357142857142857,166
Birth Control,Lyza,6.340909090909091,394
Birth Control,Mono-Linyah,6.333333333333333,50
Birth Control,Cyclafem 1 / 35,6.333333333333333,4
Birth Control,Microgestin Fe 1.5 / 30,6.309523809523809,219
Birth Control,Ocella,6.294117647058823,381
Birth Control,Mononessa,6.2772277227722775,857
Birth Control,TriNessa,6.267015706806283,1584
Birth Control,CamreseLo,6.25,6
Birth Control,Gianvi,6.223684210526316,594
Birth Control,Zovia 1 / 35,6.2,17
Birth Control,Tri-Sprintec,6.178988326848249,2687
Birth Control,Sprintec,6.168981481481482,3619
Birth Control,Chateal,6.135922330097087,557
Birth Control,Safyral,6.093023255813954,279
Birth Control,Seasonique,6.090225563909774,1259
Birth Control,Implanon,6.073059360730594,8749
Birth Control,Lo Loestrin Fe,6.053973013493254,6730
Birth Control,Blisovi Fe 1.5 / 30,6.0,10
Birth Control,Juleber,6.0,7
Birth Control,Norlyda,6.0,0
Birth Control,Xulane,5.9937106918239,831
Birth Control,Kariva,5.963636363636364,436
Birth Control,Drospirenone / ethinyl estradiol,5.96360153256705,4448
Birth Control,Liletta,5.952153110047847,779
Birth Control,Seasonale,5.95,122
Birth Control,Ethinyl estradiol / norgestimate,5.9335443037974684,13305
Birth Control,Ethinyl estradiol / ethynodiol,5.909090909090909,160
Birth Control,Ethinyl estradiol / levonorgestrel,5.903125,11524
Birth Control,Cryselle,5.883116883116883,738
Birth Control,Velivet,5.85,77
Birth Control,Reclipsen,5.837837837837838,670
Birth Control,Etonogestrel,5.808992154496077,21885
Birth Control,Ortho Micronor,5.8,877
Birth Control,Lo / Ovral-28,5.8,22
Birth Control,Ortho Tri-Cyclen,5.793103448275862,1107
Birth Control,Microgestin Fe 1 / 20,5.74922600619195,2498
Birth Control,Yaz,5.74468085106383,1862
Birth Control,Portia,5.74,291
Birth Control,Yasmin,5.738095238095238,1174
Birth Control,Jolivette,5.701754385964913,756
Birth Control,Nexplanon,5.679851093531875,12823
Birth Control,Desogestrel / ethinyl estradiol,5.676113360323886,2880
Birth Control,Ethinyl estradiol / norgestrel,5.669491525423729,963
Birth Control,Zovia,5.666666666666667,161
Birth Control,Loryna,5.666666666666667,61
Birth Control,Ethinyl estradiol / norethindrone,5.658536585365853,17869
Birth Control,Aubra,5.628205128205129,245
Birth Control,Jolessa,5.619047619047619,417
Birth Control,Orsythia,5.594405594405594,1512
Birth Control,Junel Fe 1.5 / 30,5.590909090909091,51
Birth Control,Sronyx,5.575,530
Birth Control,Apri,5.552380952380952,1348
Birth Control,Medroxyprogesterone,5.51593625498008,4086
Birth Control,Marlissa,5.5,20
Birth Control,Pimtrea,5.5,9
Birth Control,Junel 1.5 / 30,5.5,6
Birth Control,Ogestrel-28,5.5,5
Birth Control,Gildess 1.5 / 30,5.5,0
Birth Control,Quasense,5.48,121
Birth Control,Depo-Provera,5.446764091858038,3967
Birth Control,Junel Fe 1 / 20,5.436781609195402,1743
Birth Control,LoSeasonique,5.435897435897436,213
Birth Control,Alesse,5.434782608695652,784
Birth Control,Norethindrone,5.328402366863905,3721
Birth Control,Depo-Provera Contraceptive,5.25,12
Birth Control,Sharobel,5.2,45
Birth Control,Camrese,5.192982456140351,289
Birth Control,Nora-Be,5.173076923076923,751
Birth Control,Tri-Estarylla,5.142857142857143,10
Birth Control,Minastrin 24 Fe,5.108974358974359,1318
Birth Control,Previfem,5.090909090909091,37
Birth Control,Viorele,5.076923076923077,134
Birth Control,Tarina Fe 1 / 20,5.0476190476190474,51
Birth Control,Errin,5.0,220
Birth Control,Levlen,5.0,67
Birth Control,Loestrin 21 1 / 20,5.0,62
Birth Control,Ethinyl estradiol / folic acid / levonorgestrel,5.0,6
Birth Control,Mestranol / norethindrone,5.0,1
Birth Control,Lillow,5.0,0
Birth Control,Lomedia 24 Fe,5.0,0
Birth Control,Tri-Previfem,4.965116279069767,634
Birth Control,Falmina,4.916666666666667,115
Birth Control,Gildess Fe 1.5 / 30,4.888888888888889,156
Birth Control,Vienva,4.833333333333333,37
Birth Control,Nortrel 1 / 35,4.833333333333333,35
Birth Control,Lessina,4.777777777777778,30
Birth Control,Taytulla,4.6875,173
Birth Control,Alyacen 1 / 35,4.666666666666667,12
Birth Control,Tri-Linyah,4.625,27
Birth Control,Camila,4.615384615384615,331
Birth Control,Cyclessa,4.6,16
Birth Control,Gildess Fe 1 / 20,4.588235294117647,943
Birth Control,TriNessa Lo,4.571428571428571,12
Birth Control,Tri-Lo-Sprintec,4.511627906976744,170
Birth Control,Vestura,4.5,6
Birth Control,Balziva,4.333333333333333,2
Birth Control,Gildess 1 / 20,4.333333333333333,0
Birth Control,Nikki,4.2,15
Birth Control,Ashlyna,4.133333333333334,25
Birth Control,Lo / Ovral,4.125,48
Birth Control,Mircette,4.0,21
Birth Control,Briellyn,4.0,5
Birth Control,Gildess 24 Fe,4.0,1
Birth Control,Larissia,4.0,1
Birth Control,Blisovi Fe 1 / 20,3.4693877551020407,98
Birth Control,Estarylla,3.4444444444444446,306
Birth Control,Larin Fe 1 / 20,3.3333333333333335,12
Birth Control,Nortrel 7 / 7 / 7,3.25,14
Birth Control,Blisovi 24 Fe,3.1123595505617976,416
Birth Control,Dasetta 1 / 35,3.0,3
Birth Control,Loestrin 21 1.5 / 30,3.0,2
Birth Control,Tri-Lo-Marzia,3.0,2
Birth Control,Necon 1 / 50,2.6666666666666665,1
Birth Control,Amethia Lo,2.0,2
Birth Control,Jencycla,1.0,8
Birth Control,Amethyst,1.0,2
Birth Control,Enskyce,1.0,2
Birth Control,Larin 24 Fe,1.0,2
Birth Control,Mibelas 24 Fe,1.0,2
Birth Control,Philith,1.0,1
Birth Control,Pirmella 1 / 35,1.0,1
Birth Control,Tri-Lo-Estarylla,1.0,1
Birth Control,Necon 7 / 7 / 7,1.0,0
Birth Control,depo-subQ provera 104,1.0,0
Bowel Preparation,PEG-3350 with Electolytes,10.0,7
Bowel Preparation,GaviLyte-G,9.0,59
Bowel Preparation,Correctol,9.0,21
Bowel Preparation,PEG3350,8.0,3
Bowel Preparation,GaviLyte-N,7.666666666666667,18
Bowel Preparation,Magnesium sulfate / potassium sulfate / sodium sulfate,7.5584,9742
Bowel Preparation,OsmoPrep,7.5,126
Bowel Preparation,Suprep Bowel Prep Kit,7.463986599664992,9328
Bowel Preparation,MoviPrep,6.99290780141844,2501
Bowel Preparation,Polyethylene glycol 3350 with electrolytes,6.838383838383838,2915
Bowel Preparation,Fleet Enema,6.5,17
Bowel Preparation,GoLYTELY,6.4,284
Bowel Preparation,Citric acid / magnesium oxide / sodium picosulfate,6.135802469135802,687
Bowel Preparation,Prepopik,6.0,620
Bowel Preparation,GaviLyte-C,6.0,11
Bowel Preparation,Bisacodyl,5.925,462
Bowel Preparation,Sodium biphosphate / sodium phosphate,5.857142857142857,133
Bowel Preparation,Polyethylene glycol 3350,5.166666666666667,160
Bowel Preparation,Dulcolax,4.846153846153846,424
Bowel Preparation,NuLYTELY,4.666666666666667,26
Bowel Preparation,Senna,4.5,17
Bowel Preparation,MiraLax,3.8333333333333335,178
Bowel Preparation,Dulcolax Laxative,3.6666666666666665,27
Bowel Preparation,Bisacodyl / polyethylene glycol 3350 / potassium chloride / sodium bicarbonate / sodium chloride,1.0,7
Bowel Preparation,HalfLytely and Bisacodyl,1.0,4
Bowel Preparation,Colyte,1.0,2
Bowel Preparation,Fleet Bisacodyl,1.0,0
Chronic Pain,Oxyfast,10.0,122
Chronic Pain,Roxicodone Intensol,10.0,42
Chronic Pain,Tylox,10.0,20
Chronic Pain,Dazidox,10.0,13
Chronic Pain,Methadone Diskets,9.714285714285714,401
Chronic Pain,Fentora,9.333333333333334,62
Chronic Pain,Dolophine,9.25,204
Chronic Pain,Roxicodone,9.19047619047619,1381
Chronic Pain,Endocet,9.0,262
Chronic Pain,Ultram ER,9.0,70
Chronic Pain,Infumorph,9.0,37
Chronic Pain,Primlev,9.0,16
Chronic Pain,Methadone,8.977011494252874,5084
Chronic Pain,Dilaudid,8.93939393939394,1655
Chronic Pain,Subutex,8.9,401
Chronic Pain,Percocet,8.588235294117647,840
Chronic Pain,Methadose,8.5,73
Chronic Pain,Kadian,8.4,264
Chronic Pain,Hydromorphone,8.376811594202898,3068
Chronic Pain,Xartemis XR,8.333333333333334,124
Chronic Pain,Subsys,8.333333333333334,51
Chronic Pain,Exalgo,8.3,878
Chronic Pain,Naloxone / pentazocine,8.2,50
Chronic Pain,MS Contin,8.181818181818182,1767
Chronic Pain,Fentanyl,8.105882352941176,2447
Chronic Pain,Duragesic,8.1,490
Chronic Pain,Acetaminophen / oxycodone,8.0,3275
Chronic Pain,Oxaydo,8.0,12
Chronic Pain,Actiq,8.0,10
Chronic Pain,Oxycodone,7.98876404494382,7066
Chronic Pain,OxyContin,7.882352941176471,3139
Chronic Pain,Fentanyl Transdermal System,7.724137931034483,1261
Chronic Pain,Morphine,7.639175257731959,2900
Chronic Pain,Talwin Nx,7.333333333333333,34
Chronic Pain,Butrans,6.508474576271187,2235
Chronic Pain,Duloxetine,6.333333333333333,3123
Chronic Pain,Cymbalta,6.2063492063492065,3348
Chronic Pain,Tramadol,6.158415841584159,2872
Chronic Pain,Oramorph SR,6.0,4
Chronic Pain,Buprenorphine,5.926470588235294,3782
Chronic Pain,Ultram ODT,5.8,164
Chronic Pain,Xtampza ER,5.3,102
Chronic Pain,Embeda,5.133333333333334,359
Chronic Pain,Ultram,5.111111111111111,825
Chronic Pain,Avinza,5.0,66
Chronic Pain,Morphine / naltrexone,4.695652173913044,527
Chronic Pain,Roxicet,4.0,59
Chronic Pain,Duramorph,4.0,10
Chronic Pain,Ziconotide,4.0,9
Chronic Pain,Belbuca,3.6,798
Chronic Pain,Dilaudid-HP,1.0,16
Chronic Pain,Ryzolt,1.0,11
Chronic Pain,Prialt,1.0,6
Constipation,Citrate of Magnesia,10.0,277
Constipation,Colace,10.0,146
Constipation,ClearLax,10.0,81
Constipation,Fleet Glycerin Suppositories Adult,10.0,7
Constipation,Fletchers Castoria,10.0,5
Constipation,Sodium biphosphate / sodium phosphate,9.478260869565217,293
Constipation,Magnesium oxide,9.428571428571429,452
Constipation,Fleet Enema,9.214285714285714,192
Constipation,Magnesium citrate,9.06060606060606,5499
Constipation,MiraLax,9.013698630136986,4847
Constipation,Enemeez Mini,9.0,20
Constipation,PEG3350,9.0,2
Constipation,Polyethylene glycol 3350,8.835051546391753,5045
Constipation,Milk of Magnesia,8.75,138
Constipation,Phillips' Milk of Magnesia,8.746478873239436,2118
Constipation,Magnesium hydroxide,8.71111111111111,2434
Constipation,Metamucil,8.5,156
Constipation,Psyllium,8.5,156
Constipation,Lactobacillus acidophilus,8.0,7
Constipation,Methylcellulose,7.666666666666667,32
Constipation,Dulcolax Laxative,7.2727272727272725,124
Constipation,Glycerin,7.25,33
Constipation,Linzess,7.194444444444445,1286
Constipation,Linaclotide,6.777777777777778,1162
Constipation,Docusate,6.666666666666667,386
Constipation,Senna,6.291666666666667,736
Constipation,Senexon,6.0,0
Constipation,Dulcolax,5.717808219178083,4160
Constipation,Bisacodyl,5.7105263157894735,4434
Constipation,Dulcolax Stool Softener,5.0,5
Constipation,Correctol,4.923076923076923,147
Constipation,Senokot,4.882352941176471,391
Constipation,Lubiprostone,2.3333333333333335,65
Constipation,Ex-Lax Maximum Relief Formula,2.0,6
Constipation,Amitiza,1.25,56
Constipation,Senna Lax,1.0,16
Depression,Norpramin,10.0,178
Depression,Xanax XR,10.0,61
Depression,Asendin,10.0,59
Depression,Niravam,10.0,35
Depression,Maprotiline,10.0,21
Depression,Niacin,9.857142857142858,1178
Depression,Desipramine,9.857142857142858,286
Depression,Serzone,9.8,293
Depression,Amitriptyline / chlordiazepoxide,9.666666666666666,83
Depression,Methylin ER,9.5,362
Depression,Limbitrol,9.5,50
Depression,Amoxapine,9.5,5
Depression,Luvox,9.333333333333334,166
Depression,Tramadol,9.288461538461538,3838
Depression,Clomipramine,9.181818181818182,447
Depression,Xanax,9.166666666666666,3581
Depression,Methylphenidate,9.16,1790
Depression,Fluoxetine / olanzapine,9.153846153846153,398
Depression,Alprazolam,9.081967213114755,4628
Depression,Phenelzine,9.076923076923077,1100
Depression,Provigil,9.0,468
Depression,Isocarboxazid,9.0,68
Depression,Marplan,9.0,68
Depression,Protriptyline,9.0,0
Depression,Vivactil,9.0,0
Depression,Nefazodone,8.9375,447
Depression,Symbyax,8.846153846153847,435
Depression,St. john's wort,8.767441860465116,2951
Depression,Parnate,8.763157894736842,1240
Depression,Sinequan,8.666666666666666,192
Depression,Nardil,8.64,1091
Depression,Amitriptyline,8.552631578947368,2407
Depression,Emsam,8.533333333333333,958
Depression,Tranylcypromine,8.526315789473685,1150
Depression,Anafranil,8.4,250
Depression,Budeprion SR,8.4,55
Depression,S-adenosylmethionine,8.4,41
Depression,Selegiline,8.333333333333334,1102
Depression,Brexpiprazole,8.235294117647058,398
Depression,Elavil,8.222222222222221,897
Depression,Lamotrigine,8.105263157894736,2710
Depression,L-methylfolate,8.06060606060606,4691
Depression,Remeron SolTab,8.0,90
Depression,Modafinil,7.961538461538462,1047
Depression,Remeron,7.961038961038961,6826
Depression,Wellbutrin XL,7.798657718120805,8733
Depression,Doxepin,7.636363636363637,487
Depression,Escitalopram,7.613157894736842,17440
Depression,Citalopram,7.56701030927835,15103
Depression,Effexor XR,7.56390977443609,5111
Depression,Deplin,7.489795918367347,4271
Depression,Lexapro,7.46078431372549,16230
Depression,Rexulti,7.4375,476
Depression,Celexa,7.361990950226244,12704
Depression,Bupropion,7.358834244080145,31101
Depression,Wellbutrin,7.334782608695652,16736
Depression,Desyrel,7.333333333333333,384
Depression,Budeprion XL,7.333333333333333,130
Depression,Seroquel XR,7.314285714285714,1938
Depression,Zoloft,7.2811387900355875,23163
Depression,Mirtazapine,7.248780487804878,8938
Depression,Prozac,7.2439024390243905,12184
Depression,Desvenlafaxine,7.239130434782608,17115
Depression,Fluoxetine,7.228476821192053,13458
Depression,Pristiq,7.188995215311005,16265
Depression,Trazodone,7.175438596491228,3952
Depression,Sertraline,7.167755991285403,23596
Depression,Seroquel,7.0,550
Depression,Paliperidone,7.0,45
Depression,Quetiapine,6.988505747126437,3265
Depression,Aripiprazole,6.973509933774834,10116
Depression,Paxil,6.938775510204081,4477
Depression,Nuvigil,6.909090909090909,419
Depression,Nortriptyline,6.882352941176471,525
Depression,Wellbutrin SR,6.867924528301887,3179
Depression,Armodafinil,6.846153846153846,375
Depression,Viibryd,6.814035087719298,16036
Depression,Lisdexamfetamine,6.8,13
Depression,Fluvoxamine,6.75,275
Depression,Paroxetine,6.661764705882353,4311
Depression,Abilify,6.591549295774648,9754
Depression,Duloxetine,6.548780487804878,16052
Depression,Paxil CR,6.5,150
Depression,Venlafaxine,6.478260869565218,13865
Depression,Risperidone,6.470588235294118,604
Depression,Imipramine,6.454545454545454,407
Depression,Vilazodone,6.431746031746032,15447
Depression,Cymbalta,6.323432343234323,13714
Depression,Risperdal,6.2,329
Depression,Olanzapine,6.196078431372549,2192
Depression,Atomoxetine,6.0,19
Depression,Trintellix,5.995884773662551,15004
Depression,Vortioxetine,5.881159420289855,16305
Depression,Lithium,5.866666666666666,419
Depression,Effexor,5.845360824742268,8126
Depression,Zyprexa,5.785714285714286,1670
Depression,Levomilnacipran,4.92,1889
Depression,Aplenzin,4.75,76
Depression,Fetzima,4.621621621621622,1253
Depression,Strattera,4.5,28
Depression,Oleptro,4.0,256
Depression,Pamelor,4.0,93
Depression,Luvox CR,4.0,17
Depression,Vyvanse,3.0,2
Depression,Tryptophan,1.0,5
"Diabetes, Type 2",Glucophage XR,10.0,184
"Diabetes, Type 2",Novolin N,10.0,46
"Diabetes, Type 2",Glumetza,10.0,24
"Diabetes, Type 2",Insulin aspart / insulin aspart protamine,10.0,12
"Diabetes, Type 2",NovoLog Mix 70 / 30,10.0,12
"Diabetes, Type 2",Exubera,10.0,10
"Diabetes, Type 2",Synjardy,10.0,10
"Diabetes, Type 2",Humalog Mix 75 / 25,10.0,7
"Diabetes, Type 2",Insulin glulisine,10.0,5
"Diabetes, Type 2",Glyset,10.0,4
"Diabetes, Type 2",NovoLog FlexPen,10.0,4
"Diabetes, Type 2",Glimepiride / pioglitazone,10.0,0
"Diabetes, Type 2",Insulin isophane / insulin regular,10.0,0
"Diabetes, Type 2",Chromium picolinate,9.333333333333334,700
"Diabetes, Type 2",Xigduo XR,9.25,91
"Diabetes, Type 2",Prandin,9.0,142
"Diabetes, Type 2",Repaglinide,9.0,108
"Diabetes, Type 2",Symlin,9.0,10
"Diabetes, Type 2",Byetta,8.176470588235293,1648
"Diabetes, Type 2",GlipiZIDE XL,8.0,185
"Diabetes, Type 2",Humalog,8.0,44
"Diabetes, Type 2",Toujeo Solostar,8.0,25
"Diabetes, Type 2",Glucovance,8.0,16
"Diabetes, Type 2",Humulin N,8.0,0
"Diabetes, Type 2",Insulin isophane,8.0,0
"Diabetes, Type 2",Victoza,7.980392156862745,7944
"Diabetes, Type 2",Amaryl,7.9,753
"Diabetes, Type 2",Lantus Solostar,7.75,197
"Diabetes, Type 2",Liraglutide,7.722222222222222,7678
"Diabetes, Type 2",Glimepiride,7.666666666666667,1526
"Diabetes, Type 2",Insulin lispro / insulin lispro protamine,7.5,7
"Diabetes, Type 2",Glucotrol,7.428571428571429,654
"Diabetes, Type 2",Insulin aspart,7.333333333333333,32
"Diabetes, Type 2",Tresiba,7.25,182
"Diabetes, Type 2",Insulin glargine,7.238095238095238,645
"Diabetes, Type 2",Exenatide,7.197916666666667,4846
"Diabetes, Type 2",Afrezza,7.105263157894737,318
"Diabetes, Type 2","Insulin inhalation, rapid acting",7.105263157894737,256
"Diabetes, Type 2",Empagliflozin,7.097560975609756,1321
"Diabetes, Type 2",Insulin detemir,7.071428571428571,171
"Diabetes, Type 2",Bydureon,7.0588235294117645,3377
"Diabetes, Type 2",Levemir,7.0,240
"Diabetes, Type 2",Glyburide,7.0,66
"Diabetes, Type 2",Lantus,6.933333333333334,391
"Diabetes, Type 2",Glipizide,6.724137931034483,1832
"Diabetes, Type 2",Jentadueto,6.666666666666667,25
"Diabetes, Type 2",Insulin lispro,6.571428571428571,53
"Diabetes, Type 2",Onglyza,6.545454545454546,390
"Diabetes, Type 2",Insulin degludec,6.5,181
"Diabetes, Type 2",ActoPlus Met,6.5,61
"Diabetes, Type 2",Novolin 70 / 30,6.5,0
"Diabetes, Type 2",Glyxambi,6.375,99
"Diabetes, Type 2",Jardiance,6.358974358974359,1196
"Diabetes, Type 2",Glucophage,6.315789473684211,1242
"Diabetes, Type 2",Metformin,6.209876543209877,3746
"Diabetes, Type 2",Invokana,6.111888111888112,5539
"Diabetes, Type 2",Saxagliptin,6.1,304
"Diabetes, Type 2",Janumet,6.076923076923077,940
"Diabetes, Type 2",Empagliflozin / linagliptin,6.0,95
"Diabetes, Type 2",Avandamet,6.0,14
"Diabetes, Type 2",Canagliflozin,5.97945205479452,5311
"Diabetes, Type 2",Dulaglutide,5.965367965367966,4235
"Diabetes, Type 2",Trulicity,5.8054298642533935,4149
"Diabetes, Type 2",Januvia,5.74468085106383,2356
"Diabetes, Type 2",Toujeo,5.555555555555555,62
"Diabetes, Type 2",Sitagliptin,5.470588235294118,2496
"Diabetes, Type 2",Tanzeum,5.333333333333333,48
"Diabetes, Type 2",Kombiglyze XR,5.111111111111111,31
"Diabetes, Type 2",Farxiga,5.025,775
"Diabetes, Type 2",Avandia,5.0,58
"Diabetes, Type 2",Metformin / sitagliptin,5.0,15
"Diabetes, Type 2",Actos,4.863636363636363,827
"Diabetes, Type 2",Rosiglitazone,4.6,70
"Diabetes, Type 2",Novolog,4.5,44
"Diabetes, Type 2",Dapagliflozin,4.48,818
"Diabetes, Type 2",Tradjenta,4.380952380952381,557
"Diabetes, Type 2",Pioglitazone,4.333333333333333,861
"Diabetes, Type 2",Linagliptin,4.333333333333333,517
"Diabetes, Type 2",Basaglar,4.333333333333333,20
"Diabetes, Type 2",Albiglutide,4.111111111111111,52
"Diabetes, Type 2",Alogliptin,4.0,18
"Diabetes, Type 2",Nesina,4.0,18
"Diabetes, Type 2",Glyburide / metformin,4.0,4
"Diabetes, Type 2",Colesevelam,3.6,71
"Diabetes, Type 2",Welchol,3.5,74
"Diabetes, Type 2",Glipizide / metformin,3.5,0
"Diabetes, Type 2",Humalog KwikPen,3.0,7
"Diabetes, Type 2",Acarbose,1.0,4
"Diabetes, Type 2",Kazano,1.0,2
Emergency Contraception,Take Action,10.0,0
Emergency Contraception,Plan B One-Step,8.712264150943396,8267
Emergency Contraception,Plan B,8.663893510815308,7273
Emergency Contraception,Levonorgestrel,8.472563472563472,15970
Emergency Contraception,My Way,8.23076923076923,84
Emergency Contraception,Fallback Solo,8.0,10
Emergency Contraception,Next Choice,7.7,439
Emergency Contraception,Ulipristal,6.9818181818181815,479
Emergency Contraception,ella,6.980392156862745,485
Emergency Contraception,Aftera,6.661016949152542,425
Emergency Contraception,Opcicon One-Step,6.5,6
Emergency Contraception,EContra EZ,4.2,20
Erectile Dysfunction,Damiana,10.0,14
Erectile Dysfunction,Caverject Impulse,9.333333333333334,300
Erectile Dysfunction,Staxyn,9.0,1448
Erectile Dysfunction,Caverject,9.0,129
Erectile Dysfunction,Viagra,8.794117647058824,6682
Erectile Dysfunction,Tadalafil,8.670411985018726,13095
Erectile Dysfunction,Cialis,8.635593220338983,13290
Erectile Dysfunction,Edex,8.578947368421053,972
Erectile Dysfunction,Sildenafil,8.534722222222221,7197
Erectile Dysfunction,Vardenafil,8.1,5183
Erectile Dysfunction,Levitra,8.098591549295774,3701
Erectile Dysfunction,Alprostadil,7.827586206896552,2935
Erectile Dysfunction,Avanafil,6.333333333333333,882
Erectile Dysfunction,Stendra,5.961538461538462,830
Erectile Dysfunction,Muse,5.2,793
Erectile Dysfunction,Yohimbine,4.0,0
Generalized Anxiety Disorde,Lyrica,9.1,890
Generalized Anxiety Disorde,Zoloft,9.0,79
Generalized Anxiety Disorde,Celexa,8.5,410
Generalized Anxiety Disorde,Lexapro,8.321951219512195,11994
Generalized Anxiety Disorde,Pregabalin,8.277310924369749,7021
Generalized Anxiety Disorde,Paxil,8.25,1136
Generalized Anxiety Disorde,Escitalopram,8.16376306620209,12764
Generalized Anxiety Disorde,Citalopram,8.053333333333333,3608
Generalized Anxiety Disorde,Paroxetine,7.978260869565218,1321
Generalized Anxiety Disorde,Quetiapine,7.85,3940
Generalized Anxiety Disorde,Sertraline,7.724137931034483,1818
Generalized Anxiety Disorde,Seroquel,7.2727272727272725,833
Generalized Anxiety Disorde,Seroquel XR,7.0,318
Generalized Anxiety Disorde,Venlafaxine,6.814285714285714,2687
Generalized Anxiety Disorde,Effexor XR,6.6923076923076925,2098
Generalized Anxiety Disorde,Cymbalta,6.683333333333334,3332
Generalized Anxiety Disorde,Paxil CR,6.666666666666667,85
Generalized Anxiety Disorde,Duloxetine,6.587301587301587,3217
High Blood Pressure,Minipress,10.0,37
High Blood Pressure,Plendil,10.0,28
High Blood Pressure,Aldactazide,10.0,27
High Blood Pressure,Hydrochlorothiazide / spironolactone,10.0,27
High Blood Pressure,Corgard,10.0,19
High Blood Pressure,Tarka,10.0,14
High Blood Pressure,Bendroflumethiazide / nadolol,10.0,10
High Blood Pressure,Corzide 80 / 5,10.0,10
High Blood Pressure,Fosinopril,10.0,10
High Blood Pressure,Inspra,10.0,10
High Blood Pressure,Indapamide,10.0,4
High Blood Pressure,Exforge HCT,10.0,1
High Blood Pressure,Avalide,9.666666666666666,43
High Blood Pressure,Reserpine,9.666666666666666,27
High Blood Pressure,Caduet,9.5,43
High Blood Pressure,Acebutolol,9.5,26
High Blood Pressure,Sectral,9.5,26
High Blood Pressure,Bisoprolol,9.4,248
High Blood Pressure,Hydrochlorothiazide / irbesartan,9.4,43
High Blood Pressure,Tekturna HCT,9.333333333333334,71
High Blood Pressure,Captopril,9.333333333333334,27
High Blood Pressure,Verelan PM,9.0,66
High Blood Pressure,Trandolapril / verapamil,9.0,28
High Blood Pressure,Monopril,9.0,24
High Blood Pressure,Amlodipine / atorvastatin,9.0,23
High Blood Pressure,Tenoretic 50,9.0,10
High Blood Pressure,Minoxidil,9.0,2
High Blood Pressure,Azor,8.85,1012
High Blood Pressure,Twynsta,8.833333333333334,74
High Blood Pressure,Amlodipine / olmesartan,8.735294117647058,940
High Blood Pressure,Maxzide,8.5,122
High Blood Pressure,Amlodipine / telmisartan,8.5,40
High Blood Pressure,Tenormin,8.4,361
High Blood Pressure,Zestoretic,8.333333333333334,140
High Blood Pressure,Methyldopa,8.333333333333334,13
High Blood Pressure,Hydrochlorothiazide / losartan,8.0,893
High Blood Pressure,Hydrochlorothiazide / telmisartan,8.0,131
High Blood Pressure,Cartia XT,8.0,121
High Blood Pressure,Felodipine,8.0,79
High Blood Pressure,Inderal LA,8.0,65
High Blood Pressure,Prinzide,8.0,65
High Blood Pressure,Eplerenone,8.0,37
High Blood Pressure,Aliskiren / hydrochlorothiazide,8.0,36
High Blood Pressure,Moexipril,8.0,5
High Blood Pressure,Univasc,8.0,3
High Blood Pressure,Hydrochlorothiazide / moexipril,8.0,0
High Blood Pressure,Uniretic,8.0,0
High Blood Pressure,Amlodipine / hydrochlorothiazide / olmesartan,7.7272727272727275,123
High Blood Pressure,Olmesartan,7.597222222222222,2753
High Blood Pressure,Atenolol / chlorthalidone,7.5,12
High Blood Pressure,Aliskiren,7.470588235294118,389
High Blood Pressure,Catapres-TTS,7.4,314
High Blood Pressure,Benicar,7.363636363636363,2379
High Blood Pressure,Tribenzor,7.357142857142857,179
High Blood Pressure,Doxazosin,7.333333333333333,374
High Blood Pressure,Tekturna,7.3,426
High Blood Pressure,Hydrochlorothiazide / olmesartan,7.294117647058823,274
High Blood Pressure,Toprol-XL,7.125,1567
High Blood Pressure,Edarbyclor,7.125,99
High Blood Pressure,Micardis HCT,7.111111111111111,123
High Blood Pressure,Hyzaar,7.071428571428571,635
High Blood Pressure,Terazosin,7.0,182
High Blood Pressure,Cardizem,7.0,143
High Blood Pressure,Labetalol,7.0,69
High Blood Pressure,Normodyne,7.0,69
High Blood Pressure,Hydrochlorothiazide / lisinopril,6.967741935483871,1407
High Blood Pressure,Lasix,6.8,141
High Blood Pressure,Diltiazem,6.7894736842105265,769
High Blood Pressure,Micardis,6.764705882352941,806
High Blood Pressure,Benicar HCT,6.764705882352941,296
High Blood Pressure,Nebivolol,6.763636363636364,4800
High Blood Pressure,Lopressor,6.75,438
High Blood Pressure,Azilsartan medoxomil / chlorthalidone,6.75,140
High Blood Pressure,Guanfacine,6.75,55
High Blood Pressure,Hydrochlorothiazide / valsartan,6.714285714285714,465
High Blood Pressure,Atenolol,6.693548387096774,2263
High Blood Pressure,Coreg CR,6.666666666666667,101
High Blood Pressure,Clonidine,6.636363636363637,1638
High Blood Pressure,Bystolic,6.616161616161616,4355
High Blood Pressure,Propranolol,6.571428571428571,415
High Blood Pressure,Benazepril,6.555555555555555,140
High Blood Pressure,Diovan HCT,6.545454545454546,339
High Blood Pressure,Diovan,6.511627906976744,2780
High Blood Pressure,Enalapril,6.5,97
High Blood Pressure,Telmisartan,6.45,860
High Blood Pressure,Ramipril,6.4411764705882355,1418
High Blood Pressure,Valturna,6.428571428571429,23
High Blood Pressure,Metoprolol,6.293478260869565,4247
High Blood Pressure,Lotrel,6.285714285714286,471
High Blood Pressure,Furosemide,6.285714285714286,161
High Blood Pressure,Cozaar,6.2727272727272725,3562
High Blood Pressure,Verapamil,6.25,82
High Blood Pressure,Perindopril,6.222222222222222,134
High Blood Pressure,Metoprolol Tartrate,6.2,207
High Blood Pressure,Edarbi,6.181818181818182,164
High Blood Pressure,Exforge,6.148148148148148,765
High Blood Pressure,Prinivil,6.142857142857143,466
High Blood Pressure,Amlodipine / benazepril,6.04,706
High Blood Pressure,Zestril,6.0,481
High Blood Pressure,Nifedipine,5.9411764705882355,468
High Blood Pressure,Spironolactone,5.777777777777778,885
High Blood Pressure,Valsartan,5.7727272727272725,3128
High Blood Pressure,Azilsartan medoxomil,5.75,170
High Blood Pressure,Ziac,5.7,111
High Blood Pressure,Procardia XL,5.666666666666667,208
High Blood Pressure,Nifedical XL,5.666666666666667,45
High Blood Pressure,Quinapril,5.666666666666667,27
High Blood Pressure,Hydrochlorothiazide / triamterene,5.6521739130434785,817
High Blood Pressure,Losartan,5.524096385542169,11365
High Blood Pressure,Altace,5.5,449
High Blood Pressure,Hydrochlorothiazide,5.484848484848484,3247
High Blood Pressure,Bisoprolol / hydrochlorothiazide,5.4375,148
High Blood Pressure,Lisinopril,5.15530303030303,12489
High Blood Pressure,Irbesartan,5.090909090909091,1734
High Blood Pressure,Atacand,5.0,100
High Blood Pressure,Lotensin,5.0,51
High Blood Pressure,Hytrin,5.0,48
High Blood Pressure,Tenex,5.0,22
High Blood Pressure,Avapro,4.956521739130435,1608
High Blood Pressure,Amlodipine,4.875816993464053,10060
High Blood Pressure,Inderal,4.833333333333333,249
High Blood Pressure,Norvasc,4.657894736842105,4215
High Blood Pressure,Candesartan,4.642857142857143,350
High Blood Pressure,Dyazide,4.5,170
High Blood Pressure,Chlorthalidone,4.4,71
High Blood Pressure,Aldactone,4.333333333333333,388
High Blood Pressure,Prazosin,4.333333333333333,91
High Blood Pressure,Calan SR,4.0,3
High Blood Pressure,Torsemide,4.0,1
High Blood Pressure,Coreg,3.888888888888889,710
High Blood Pressure,Carvedilol,3.8214285714285716,1466
High Blood Pressure,Hydralazine,3.3636363636363638,448
High Blood Pressure,Aldomet,3.0,24
High Blood Pressure,Hydralazine / hydrochlorothiazide / reserpine,3.0,0
High Blood Pressure,Pindolol,3.0,0
High Blood Pressure,Cardizem LA,2.0,16
High Blood Pressure,Amiloride,1.0,9
High Blood Pressure,Midamor,1.0,9
High Blood Pressure,Nitro-Dur,1.0,0
High Blood Pressure,Nitroglycerin,1.0,0
Insomnia,Seconal Sodium,10.0,114
Insomnia,Secobarbital,10.0,105
Insomnia,Pentobarbital,10.0,27
Insomnia,Seconal,10.0,17
Insomnia,Ethchlorvynol,10.0,0
Insomnia,Tryptophan,9.75,115
Insomnia,Intermezzo,9.666666666666666,122
Insomnia,Dimenhydrinate,9.666666666666666,40
Insomnia,Quazepam,9.6,69
Insomnia,Somnote,9.5,75
Insomnia,Triazolam,9.423076923076923,783
Insomnia,Estazolam,9.363636363636363,205
Insomnia,Halcion,9.307692307692308,461
Insomnia,Klonopin,9.076923076923077,1229
Insomnia,Sinequan,9.0,53
Insomnia,Compoz Nighttime Sleep Aid,9.0,51
Insomnia,Unisom SleepMelts,9.0,25
Insomnia,Advil PM,9.0,23
Insomnia,Doral,9.0,20
Insomnia,Aspirin / diphenhydramine,9.0,2
Insomnia,Flurazepam,8.923076923076923,353
Insomnia,Edluar,8.714285714285714,71
Insomnia,Dalmane,8.375,339
Insomnia,Seroquel,8.340425531914894,1729
Insomnia,Ativan,8.307692307692308,1498
Insomnia,Lorazepam,8.26086956521739,3585
Insomnia,Chloral hydrate,8.214285714285714,139
Insomnia,Neurontin,8.2,505
Insomnia,Seroquel XR,8.0,253
Insomnia,Oxazepam,8.0,160
Insomnia,Diphenhydramine / naproxen,8.0,92
Insomnia,Sleep Aid,8.0,30
Insomnia,Phenobarbital,8.0,9
Insomnia,Excedrin PM,8.0,8
Insomnia,Elavil,7.9375,1597
Insomnia,Quetiapine,7.9267015706806285,7292
Insomnia,Gabapentin,7.886363636363637,2114
Insomnia,Clonazepam,7.828571428571428,4402
Insomnia,Restoril,7.805555555555555,2300
Insomnia,Olanzapine,7.6,627
Insomnia,Zolpimist,7.6,27
Insomnia,Zolpidem,7.314465408805032,10345
Insomnia,Ambien,7.2972027972027975,8219
Insomnia,Sominex,7.277777777777778,634
Insomnia,Mirtazapine,7.2727272727272725,6265
Insomnia,Remeron,7.25,1150
Insomnia,Zyprexa,7.166666666666667,572
Insomnia,Amitriptyline,7.110091743119266,6445
Insomnia,Ambien CR,7.044444444444444,1091
Insomnia,Vanatrip,7.0,31
Insomnia,Desyrel Dividose,7.0,18
Insomnia,Valerian,7.0,1
Insomnia,Melatonin,6.881188118811881,3104
Insomnia,Trazodone,6.850785340314136,20092
Insomnia,Temazepam,6.775956284153006,6091
Insomnia,Silenor,6.7727272727272725,3249
Insomnia,Sonata,6.741935483870968,1294
Insomnia,Unisom SleepTabs,6.708333333333333,1183
Insomnia,Doxylamine,6.625,2249
Insomnia,Nytol,6.6,42
Insomnia,Benadryl Allergy,6.5,45
Insomnia,Lunesta,6.484375,3355
Insomnia,Diphenhydramine,6.46875,1052
Insomnia,Doxepin,6.446153846153846,5430
Insomnia,Acetaminophen / diphenhydramine,6.384615384615385,305
Insomnia,Tylenol PM,6.333333333333333,213
Insomnia,Desyrel,6.285714285714286,206
Insomnia,Eszopiclone,6.0,3615
Insomnia,Benadryl,6.0,96
Insomnia,Headache Relief PM,6.0,2
Insomnia,Zaleplon,5.181818181818182,1432
Insomnia,Unisom SleepGels,5.125,108
Insomnia,Rozerem,4.930232558139535,1448
Insomnia,Simply Sleep,4.8,71
Insomnia,Ramelteon,4.7560975609756095,1243
Insomnia,Suvorexant,3.7611940298507465,4804
Insomnia,Belsomra,3.7142857142857144,4615
Insomnia,ZzzQuil,2.5,20
Major Depressive Disorde,Doxepin,10.0,55
Major Depressive Disorde,Prozac Weekly,10.0,22
Major Depressive Disorde,Aplenzin,10.0,15
Major Depressive Disorde,Ludiomil,10.0,13
Major Depressive Disorde,Maprotiline,10.0,13
Major Depressive Disorde,Nefazodone,9.5,43
Major Depressive Disorde,Budeprion XL,9.5,37
Major Depressive Disorde,Paxil,9.0,350
Major Depressive Disorde,Serzone,9.0,26
Major Depressive Disorde,Symbyax,8.5,17
Major Depressive Disorde,Fluoxetine / olanzapine,8.25,25
Major Depressive Disorde,Emsam,8.0,25
Major Depressive Disorde,Selegiline,8.0,25
Major Depressive Disorde,Fluoxetine,7.71875,855
Major Depressive Disorde,Wellbutrin SR,7.6923076923076925,422
Major Depressive Disorde,Remeron,7.2727272727272725,603
Major Depressive Disorde,Lexapro,7.185185185185185,779
Major Depressive Disorde,Wellbutrin,7.161290322580645,1371
Major Depressive Disorde,Zoloft,7.127659574468085,1336
Major Depressive Disorde,Prozac,7.105263157894737,651
Major Depressive Disorde,Bupropion,7.0701754385964914,4182
Major Depressive Disorde,Duloxetine,7.0606060606060606,717
Major Depressive Disorde,Wellbutrin XL,7.055555555555555,1752
Major Depressive Disorde,Escitalopram,7.0,941
Major Depressive Disorde,Trazodone,7.0,326
Major Depressive Disorde,Sertraline,6.910714285714286,1071
Major Depressive Disorde,Effexor XR,6.864864864864865,725
Major Depressive Disorde,Mirtazapine,6.825,1185
Major Depressive Disorde,Venlafaxine,6.797752808988764,1600
Major Depressive Disorde,Rexulti,6.754385964912281,2227
Major Depressive Disorde,Pristiq,6.6923076923076925,371
Major Depressive Disorde,Seroquel XR,6.666666666666667,88
Major Depressive Disorde,Abilify,6.555555555555555,566
Major Depressive Disorde,Paroxetine,6.533333333333333,204
Major Depressive Disorde,Vortioxetine,6.503105590062112,4669
Major Depressive Disorde,Effexor,6.473684210526316,497
Major Depressive Disorde,Trintellix,6.298013245033113,5207
Major Depressive Disorde,Olanzapine,6.2727272727272725,149
Major Depressive Disorde,Zyprexa,6.25,156
Major Depressive Disorde,Brexpiprazole,6.102941176470588,2343
Major Depressive Disorde,Quetiapine,6.0,156
Major Depressive Disorde,Aripiprazole,5.863636363636363,549
Major Depressive Disorde,Cymbalta,5.774193548387097,541
Major Depressive Disorde,Fetzima,5.551020408163265,1158
Major Depressive Disorde,Levomilnacipran,5.411764705882353,1274
Major Depressive Disorde,Viibryd,5.328947368421052,2345
Major Depressive Disorde,Desvenlafaxine,5.230769230769231,345
Major Depressive Disorde,Vilazodone,5.128205128205129,2367
Major Depressive Disorde,Desyrel,4.0,54
Migraine,Migergot,10.0,46
Migraine,Acetaminophen / aspirin / caffeine / salicylamide,10.0,11
Migraine,Sansert,10.0,10
Migraine,Alsuma,10.0,9
Migraine,Goody's Headache Powders,10.0,0
Migraine,Vanquish,10.0,0
Migraine,Methylergonovine,9.666666666666666,87
Migraine,Methergine,9.5,60
Migraine,D.H.E. 45,9.5,13
Migraine,Butalbital Compound,9.444444444444445,138
Migraine,Amerge,9.357142857142858,227
Migraine,Axert,9.25,170
Migraine,Frovatriptan,9.222222222222221,220
Migraine,Frova,9.185185185185185,209
Migraine,Rizatriptan,9.019867549668874,1463
Migraine,Treximet,9.017543859649123,448
Migraine,Caffeine / ergotamine,9.0,122
Migraine,Memantine,9.0,42
Migraine,Ergomar,9.0,8
Migraine,Maxalt-MLT,8.973684210526315,379
Migraine,Cambia,8.928571428571429,368
Migraine,Naratriptan,8.875,258
Migraine,Maxalt,8.871428571428572,878
Migraine,Naproxen / sumatriptan,8.857142857142858,433
Migraine,Almotriptan,8.789473684210526,145
Migraine,Relpax,8.606382978723405,1002
Migraine,Cafergot,8.6,60
Migraine,Eletriptan,8.535714285714286,904
Migraine,Neurontin,8.466666666666667,723
Migraine,Sumavel DosePro,8.28,179
Migraine,Fiorinal,8.25,741
Migraine,Diclofenac,8.238095238095237,418
Migraine,Aspirin / butalbital / caffeine,8.214285714285714,748
Migraine,Imitrex Statdose,8.166666666666666,32
Migraine,Imitrex,8.010309278350515,1086
Migraine,Excedrin,8.0,50
Migraine,Sumatriptan,7.953051643192488,1885
Migraine,Gabapentin,7.830508474576271,2840
Migraine,Zolmitriptan,7.768115942028985,407
Migraine,Zomig-ZMT,7.7,37
Migraine,Zomig,7.595238095238095,344
Migraine,Acetaminophen / aspirin / caffeine,7.582278481012659,738
Migraine,Dihydroergotamine,7.277777777777778,169
Migraine,Migranal,7.076923076923077,189
Migraine,Flexeril,7.0,315
Migraine,Orphenadrine,6.6,97
Migraine,Cyproheptadine,6.4,391
Migraine,Ergotamine,6.333333333333333,16
Migraine,Cyclobenzaprine,6.133333333333334,459
Migraine,OnabotulinumtoxinA,6.125,59
Migraine,Botox,6.0,39
Migraine,Zecuity,5.666666666666667,31
Migraine,Onzetra Xsail,5.5,5
Migraine,Amrix,5.0,54
Migraine,Goody's Extra-Strength Headache Powders,5.0,5
Migraine,Metoclopramide,4.830508474576271,687
Migraine,Reglan,4.2368421052631575,484
Migraine,Venlafaxine,4.0,25
Migraine,Norflex,3.0,34
Migraine Prevention,Calan,10.0,132
Migraine Prevention,Calan SR,10.0,109
Migraine Prevention,Lioresal,10.0,46
Migraine Prevention,Clonidine,9.666666666666666,114
Migraine Prevention,Benicar,9.666666666666666,66
Migraine Prevention,Pamelor,9.5,359
Migraine Prevention,InnoPran XL,9.5,106
Migraine Prevention,Olmesartan,9.5,66
Migraine Prevention,Wellbutrin,9.0,67
Migraine Prevention,Verelan,9.0,55
Migraine Prevention,Lisinopril,8.9,282
Migraine Prevention,Atenolol,8.846153846153847,376
Migraine Prevention,Lyrica,8.75,201
Migraine Prevention,Amlodipine,8.631578947368421,601
Migraine Prevention,Valproic acid,8.5,23
Migraine Prevention,Pregabalin,8.25,226
Migraine Prevention,Verapamil,8.233333333333333,1259
Migraine Prevention,Nortriptyline,8.163636363636364,4283
Migraine Prevention,Metoprolol,8.1,243
Migraine Prevention,Norvasc,8.0,115
Migraine Prevention,Lamotrigine,8.0,106
Migraine Prevention,Tenormin,8.0,55
Migraine Prevention,Prinivil,8.0,53
Migraine Prevention,Corgard,8.0,25
Migraine Prevention,Nimodipine,8.0,4
Migraine Prevention,Elavil,7.962962962962963,1141
Migraine Prevention,Inderal,7.944444444444445,731
Migraine Prevention,Amitriptyline,7.845744680851064,6182
Migraine Prevention,Propranolol,7.650943396226415,3109
Migraine Prevention,Zonegran,7.545454545454546,541
Migraine Prevention,Clonazepam,7.545454545454546,337
Migraine Prevention,Baclofen,7.5,270
Migraine Prevention,Nadolol,7.3,193
Migraine Prevention,Klonopin,7.25,177
Migraine Prevention,OnabotulinumtoxinA,7.137931034482759,2542
Migraine Prevention,Nardil,7.0,29
Migraine Prevention,Phenelzine,7.0,29
Migraine Prevention,Depakote ER,6.923076923076923,353
Migraine Prevention,Botox,6.810344827586207,2522
Migraine Prevention,Zonisamide,6.75,689
Migraine Prevention,Topamax,6.346846846846847,6655
Migraine Prevention,Divalproex sodium,6.2,1107
Migraine Prevention,Topiramate,6.138972809667674,7455
Migraine Prevention,Inderal LA,6.0,160
Migraine Prevention,Riboflavin,6.0,66
Migraine Prevention,Vitamin B2,5.666666666666667,66
Migraine Prevention,Depakote,5.05,542
Migraine Prevention,Bupropion,5.0,8
Migraine Prevention,Candesartan,4.0,37
Migraine Prevention,Qudexy XR,3.0,3
Muscle Spasm,Diastat,10.0,64
Muscle Spasm,Norgesic Forte,10.0,48
Muscle Spasm,Diazepam Intensol,9.5,114
Muscle Spasm,Aspirin / carisoprodol / codeine,9.5,25
Muscle Spasm,Soma Compound,9.333333333333334,94
Muscle Spasm,Aspirin / carisoprodol,9.285714285714286,67
Muscle Spasm,Carisoprodol,9.16793893129771,6757
Muscle Spasm,Soma,9.073394495412844,7057
Muscle Spasm,Aspirin / caffeine / orphenadrine,9.0,52
Muscle Spasm,Soma Compound with Codeine,9.0,24
Muscle Spasm,Diazepam,8.790322580645162,3030
Muscle Spasm,Valium,8.6,2089
Muscle Spasm,Norgesic,8.5,23
Muscle Spasm,Orphenadrine,8.0,611
Muscle Spasm,Skelaxin,7.733333333333333,1933
Muscle Spasm,Metaxalone,7.649122807017544,2278
Muscle Spasm,Zanaflex,7.491525423728813,4991
Muscle Spasm,Lioresal,7.25,347
Muscle Spasm,Lioresal Intrathecal,7.0,20
Muscle Spasm,Baclofen,6.953846153846154,3243
Muscle Spasm,Amrix,6.875,636
Muscle Spasm,Chlorzoxazone,6.65625,1311
Muscle Spasm,Tizanidine,6.634328358208955,6624
Muscle Spasm,Flexeril,6.473684210526316,3887
Muscle Spasm,Norflex,6.444444444444445,435
Muscle Spasm,Robaxin,6.290322580645161,2376
Muscle Spasm,Cyclobenzaprine,6.240223463687151,5743
Muscle Spasm,Parafon Forte DSC,6.0,50
Muscle Spasm,Methocarbamol,5.869158878504673,4506
Muscle Spasm,Lorzone,5.823529411764706,780
Muscle Spasm,Fexmid,5.75,93
Muscle Spasm,Robaxin-750,4.909090909090909,999
Obesity,Desoxyn,10.0,107
Obesity,Methamphetamine,10.0,98
Obesity,Fastin,10.0,81
Obesity,Belviq XR,10.0,8
Obesity,Ionamin,10.0,6
Obesity,Diethylpropion,9.30952380952381,3707
Obesity,Tenuate,9.228571428571428,2113
Obesity,Tenuate Dospan,9.2,306
Obesity,Pregnyl,9.0,17
Obesity,Adipex-P,8.923076923076923,3432
Obesity,Victoza,8.863636363636363,1703
Obesity,Phentermine,8.69078947368421,7265
Obesity,Xenical,8.53968253968254,5798
Obesity,Pristiq,8.5,31
Obesity,Phentermine / topiramate,8.454545454545455,4917
Obesity,Phendimetrazine,8.415730337078651,4149
Obesity,Didrex,8.333333333333334,187
Obesity,Desvenlafaxine,8.333333333333334,43
Obesity,Lorcaserin,8.2,9796
Obesity,Bupropion,8.2,282
Obesity,Meridia,8.146341463414634,1084
Obesity,Qsymia,8.038095238095238,4717
Obesity,Phendiet,8.0,22
Obesity,Liraglutide,7.996794871794871,8032
Obesity,Belviq,7.994475138121547,9667
Obesity,Saxenda,7.828,6024
Obesity,Orlistat,7.627450980392157,8557
Obesity,Topiramate,7.62,8805
Obesity,Benzphetamine,7.555555555555555,191
Obesity,Topamax,7.458333333333333,3182
Obesity,Bontril Slow Release,7.352941176470588,1285
Obesity,Chorionic gonadotropin (hcg),7.285714285714286,252
Obesity,Bupropion / naltrexone,7.075221238938053,18246
Obesity,Aplenzin,7.0,62
Obesity,Contrave,6.989214175654854,17352
Obesity,Bontril PDM,6.75,251
Obesity,Alli,6.450980392156863,3373
Obesity,Methylphenidate,6.0,26
Osteoarthritis,Zorvolex,10.0,86
Osteoarthritis,Medrol Dosepak,10.0,68
Osteoarthritis,Depo-Medrol,10.0,65
Osteoarthritis,Zostrix,10.0,39
Osteoarthritis,Glucosamine,10.0,20
Osteoarthritis,Sulindac,10.0,20
Osteoarthritis,Bextra,10.0,13
Osteoarthritis,Ketoprofen,10.0,4
Osteoarthritis,Dolobid,10.0,1
Osteoarthritis,Prednisone,9.75,20
Osteoarthritis,Indomethacin,9.666666666666666,76
Osteoarthritis,Valdecoxib,9.666666666666666,18
Osteoarthritis,Cataflam,9.5,115
Osteoarthritis,Ibuprofen,9.5,48
Osteoarthritis,Diflunisal,9.5,9
Osteoarthritis,Voltaren,9.352941176470589,1176
Osteoarthritis,Lodine,9.333333333333334,57
Osteoarthritis,Naprelan,9.333333333333334,53
Osteoarthritis,Methyl salicylate,9.25,3
Osteoarthritis,Feldene,9.0,140
Osteoarthritis,Tylenol with Codeine #3,9.0,103
Osteoarthritis,Indocin,9.0,54
Osteoarthritis,Osteo Bi-Flex,9.0,11
Osteoarthritis,Arthrotec,8.875,975
Osteoarthritis,Pennsaid,8.818181818181818,364
Osteoarthritis,Vimovo,8.625,278
Osteoarthritis,Relafen,8.5,376
Osteoarthritis,Oxaprozin,8.5,42
Osteoarthritis,Mobic,8.482758620689655,2622
Osteoarthritis,Voltaren Gel,8.405405405405405,1904
Osteoarthritis,Methylprednisolone,8.4,180
Osteoarthritis,Diclofenac,8.322033898305085,5168
Osteoarthritis,Trolamine salicylate,8.25,55
Osteoarthritis,Bioflavonoids,8.166666666666666,149
Osteoarthritis,Limbrel,8.0,138
Osteoarthritis,Acetaminophen / codeine,8.0,53
Osteoarthritis,Daypro,8.0,40
Osteoarthritis,Limbrel 500,8.0,11
Osteoarthritis,Aspirin,8.0,0
Osteoarthritis,Celebrex,7.85,1994
Osteoarthritis,Piroxicam,7.8,148
Osteoarthritis,Celecoxib,7.755102040816326,2201
Osteoarthritis,Diclofenac / misoprostol,7.733333333333333,773
Osteoarthritis,Etodolac,7.7,282
Osteoarthritis,Chondroitin / glucosamine,7.5,11
Osteoarthritis,Meloxicam,7.333333333333333,4936
Osteoarthritis,Duloxetine,7.166666666666667,959
Osteoarthritis,Cymbalta,7.157894736842105,1073
Osteoarthritis,Esomeprazole / naproxen,7.090909090909091,262
Osteoarthritis,Capzasin-HP,7.0,61
Osteoarthritis,Duexis,6.857142857142857,75
Osteoarthritis,Hyaluronan,6.690476190476191,2858
Osteoarthritis,Orthovisc,6.623376623376624,2919
Osteoarthritis,Naproxen,6.583333333333333,714
Osteoarthritis,Sodium hyaluronate,6.5344827586206895,4058
Osteoarthritis,Synvisc-One,6.45,2124
Osteoarthritis,Euflexxa,6.448979591836735,3925
Osteoarthritis,Hylan g-f 20,6.361702127659575,2988
Osteoarthritis,Monovisc,6.333333333333333,21
Osteoarthritis,Aleve,6.25,277
Osteoarthritis,Capsaicin,6.0,262
Osteoarthritis,Naprosyn,6.0,197
Osteoarthritis,Famotidine / ibuprofen,6.0,76
Osteoarthritis,Solu-Medrol,6.0,43
Osteoarthritis,Kenalog-40,6.0,14
Osteoarthritis,Excedrin,6.0,8
Osteoarthritis,Acetaminophen / aspirin / caffeine,6.0,1
Osteoarthritis,Nabumetone,5.9,401
Osteoarthritis,Supartz,5.833333333333333,515
Osteoarthritis,Triamcinolone,5.714285714285714,22
Osteoarthritis,Synvisc,5.666666666666667,385
Osteoarthritis,Salsalate,5.5,48
Osteoarthritis,Chondroitin / glucosamine / methylsulfonylmethane,5.0,6
Osteoarthritis,S-adenosylmethionine,4.5,31
Osteoarthritis,Salonpas Pain Patch,4.333333333333333,2
Osteoarthritis,Acetaminophen / propoxyphene,4.0,3
Osteoarthritis,Anaprox,2.0,15
Osteoarthritis,Kenalog-10,1.0,6
Osteoarthritis,Capzasin-P,1.0,5
Osteoarthritis,Hyalgan,1.0,3
Pain,Ultram ODT,10.0,133
Pain,Roxicodone Intensol,10.0,123
Pain,Oxyfast,10.0,78
Pain,Buprenex,10.0,47
Pain,Bupivacaine liposome,10.0,26
Pain,Exparel,10.0,26
Pain,Palladone,10.0,26
Pain,Magnesium salicylate,10.0,25
Pain,Orudis KT,10.0,19
Pain,Anaprox-DS,10.0,17
Pain,Medi-Quik Spray,10.0,17
Pain,Magnacet,10.0,15
Pain,Vitapap,10.0,13
Pain,Doans Pills Extra Strength,10.0,12
Pain,Lorcet,10.0,10
Pain,Maxidone,10.0,8
Pain,Motrin IB,10.0,8
Pain,Aspirin / caffeine,10.0,7
Pain,Feverall,10.0,6
Pain,Motrin,10.0,3
Pain,Children's Motrin,10.0,2
Pain,Cataflam,9.75,123
Pain,Ketoprofen,9.75,107
Pain,Valdecoxib,9.75,12
Pain,Aspirin / butalbital / caffeine,9.714285714285714,140
Pain,Fiorinal,9.666666666666666,116
Pain,Actiq,9.666666666666666,98
Pain,Meperitab,9.666666666666666,67
Pain,Sublimaze,9.666666666666666,38
Pain,Methadose,9.625,321
Pain,Aspirin / carisoprodol / codeine,9.5,22
Pain,Soma Compound with Codeine,9.5,22
Pain,Aspirin / caffeine / salicylamide,9.5,16
Pain,Demerol,9.416666666666666,1377
Pain,Panlor SS,9.4,40
Pain,Butorphanol,9.380952380952381,449
Pain,Meperidine / promethazine,9.333333333333334,139
Pain,Voltaren-XR,9.333333333333334,50
Pain,Meperidine,9.272727272727273,1379
Pain,Acetaminophen / diphenhydramine,9.25,55
Pain,Lodine,9.2,293
Pain,Vicodin ES,9.166666666666666,103
Pain,Dolophine,9.0,381
Pain,Acetaminophen / phenyltoloxamine,9.0,75
Pain,Tylox,9.0,56
Pain,Tylenol 8 Hour,9.0,41
Pain,Feldene,9.0,37
Pain,Tylenol Arthritis Pain,9.0,26
Pain,Anexsia,9.0,23
Pain,Tylenol PM,9.0,21
Pain,Trixaicin HP,9.0,19
Pain,Clinoril,9.0,15
Pain,Bextra,9.0,8
Pain,Primlev,9.0,7
Pain,Excedrin Back & Body,9.0,6
Pain,Menthol,9.0,1
Pain,Percocet,8.884615384615385,4332
Pain,Oxycodone,8.857651245551601,12775
Pain,Roxicodone,8.8,825
Pain,OxyContin,8.798507462686567,10308
Pain,Methadone,8.743362831858407,4700
Pain,Ibuprofen,8.695652173913043,227
Pain,Methadone Diskets,8.666666666666666,252
Pain,Fentora,8.666666666666666,64
Pain,Sprix,8.625,105
Pain,Fentanyl,8.575221238938052,3073
Pain,Hydrocodone / ibuprofen,8.555555555555555,706
Pain,Reprexain,8.555555555555555,81
Pain,Acetaminophen / oxycodone,8.546184738955823,6211
Pain,MS Contin,8.529411764705882,2151
Pain,Zohydro ER,8.5,1410
Pain,Trolamine salicylate,8.5,288
Pain,Tylenol with Codeine,8.5,122
Pain,Acetaminophen / pentazocine,8.5,31
Pain,Talacen,8.5,31
Pain,Advil,8.5,28
Pain,Midol PM,8.5,7
Pain,Dilaudid,8.484276729559749,3859
Pain,Ultracet,8.473684210526315,1154
Pain,Fentanyl Transdermal System,8.4375,812
Pain,Stadol,8.411764705882353,521
Pain,Acetaminophen / caffeine / dihydrocodeine,8.357142857142858,84
Pain,Avinza,8.31578947368421,398
Pain,Vicodin HP,8.285714285714286,88
Pain,Aleve,8.272727272727273,184
Pain,Duragesic,8.225806451612904,1292
Pain,Darvon,8.2,16
Pain,Hydromorphone,8.133689839572192,4045
Pain,Amitriptyline,8.125,9625
Pain,Levorphanol,8.11111111111111,320
Pain,Nubain,8.11111111111111,240
Pain,Lortab,8.107692307692307,1691
Pain,Celebrex,8.102564102564102,2096
Pain,Voltaren,8.1,821
Pain,Zipsor,8.071428571428571,359
Pain,Vicoprofen,8.066666666666666,444
Pain,Morphine,8.025423728813559,4500
Pain,Kadian,8.0,918
Pain,Roxicet,8.0,251
Pain,Ketamine,8.0,138
Pain,Propoxyphene,8.0,93
Pain,OxyIR,8.0,84
Pain,Sulindac,8.0,55
Pain,Targiniq ER,8.0,7
Pain,Fast Freeze,8.0,2
Pain,Lagesic,8.0,0
Pain,Acetaminophen / hydrocodone,7.975903614457831,8593
Pain,Vicodin,7.9605263157894735,2349
Pain,Opana ER,7.950819672131147,2279
Pain,Norco,7.944444444444445,4557
Pain,Ultram ER,7.875,396
Pain,Morphine / naltrexone,7.857142857142857,296
Pain,Voltaren Gel,7.837837837837838,2684
Pain,Diclofenac,7.820754716981132,5166
Pain,Oxymorphone,7.8161764705882355,4748
Pain,Aspirin,7.8,50
Pain,Opana,7.765625,2733
Pain,Acetaminophen,7.761904761904762,245
Pain,Lyrica,7.711864406779661,2322
Pain,Pregabalin,7.6875,3264
Pain,Elavil,7.681818181818182,2987
Pain,Codeine,7.681818181818182,385
Pain,Cymbalta,7.625,1565
Pain,Zorvolex,7.625,172
Pain,Endocet,7.576923076923077,604
Pain,Duloxetine,7.574468085106383,2065
Pain,Toradol IV / IM,7.571428571428571,38
Pain,Nucynta ER,7.5625,1346
Pain,Buprenorphine,7.561643835616438,4198
Pain,Nalbuphine,7.545454545454546,307
Pain,Ketorolac,7.5285714285714285,1896
Pain,Toradol,7.518867924528302,1919
Pain,Celecoxib,7.5,1996
Pain,Ryzolt,7.5,78
Pain,Oramorph SR,7.5,39
Pain,Lorcet 10 / 650,7.5,24
Pain,Percodan,7.5,19
Pain,Piroxicam,7.4,74
Pain,Flector Patch,7.351351351351352,588
Pain,Acetaminophen / propoxyphene,7.346153846153846,973
Pain,Exalgo,7.333333333333333,255
Pain,Etodolac,7.3076923076923075,864
Pain,Butrans,7.291666666666667,3599
Pain,Pamelor,7.25,512
Pain,Acetaminophen / tramadol,7.1923076923076925,1159
Pain,Indocin,7.0,59
Pain,Dilaudid-HP,7.0,31
Pain,Ibudone,7.0,27
Pain,Nortriptyline,6.983333333333333,6775
Pain,Naproxen,6.795918367346939,640
Pain,Capsaicin,6.75,204
Pain,Naprosyn,6.75,122
Pain,Diphenhydramine / naproxen,6.75,113
Pain,Talwin Nx,6.625,303
Pain,Tylenol,6.6,114
Pain,Naloxone / pentazocine,6.583333333333333,358
Pain,Indomethacin,6.555555555555555,93
Pain,Tramadol,6.509803921568627,9907
Pain,Tiger Balm,6.5,7
Pain,Gabapentin,6.4772727272727275,10252
Pain,Embeda,6.454545454545454,414
Pain,Nucynta,6.451219512195122,7005
Pain,Lidoderm,6.428571428571429,1006
Pain,Tapentadol,6.333333333333333,8521
Pain,Trezix,6.25,40
Pain,Ultram,6.225,4766
Pain,Neurontin,6.214285714285714,1812
Pain,Atarax,6.0,90
Pain,Benzocaine,6.0,2
Pain,Lanacane,6.0,2
Pain,Hydrocodone,5.762886597938144,3297
Pain,Talwin,5.666666666666667,85
Pain,Lidocaine Viscous,5.666666666666667,20
Pain,Diflunisal,5.5,18
Pain,Duramorph,5.5,10
Pain,Mefenamic acid,5.5,6
Pain,Hydroxyzine,5.4,397
Pain,Vistaril,5.333333333333333,307
Pain,Tylenol with Codeine #3,5.305084745762712,1235
Pain,Pentazocine,5.166666666666667,55
Pain,Lidocaine,5.117647058823529,1698
Pain,Darvocet A500,5.0,54
Pain,Darvocet-N 50,5.0,19
Pain,Xartemis XR,5.0,10
Pain,Indocin SR,5.0,8
Pain,Acetaminophen / aspirin / caffeine / salicylamide,5.0,4
Pain,Acetaminophen / codeine,4.946808510638298,1795
Pain,Naloxone / oxycodone,4.5,7
Pain,Camphor / menthol,4.5,2
Pain,Hysingla ER,4.176470588235294,1249
Pain,Tylenol with Codeine #4,2.75,105
Pain,Aspirin / oxycodone,2.3333333333333335,20
Pain,Advil Liqui-Gels,2.0,10
Pain,Proctofoam,2.0,0
Pain,Capsin,1.0,21
Pain,Belbuca,1.0,14
Pain,Dolobid,1.0,13
Pain,Capzasin,1.0,9
Pain,Prialt,1.0,1
Pain,Ziconotide,1.0,1
Panic Disorde,Tofranil,10.0,439
Panic Disorde,Alprazolam Intensol,10.0,132
Panic Disorde,Niravam,10.0,50
Panic Disorde,Nefazodone,10.0,14
Panic Disorde,Klonopin Wafer,9.666666666666666,46
Panic Disorde,Wellbutrin SR,9.5,232
Panic Disorde,Nortriptyline,9.5,132
Panic Disorde,Xanax,9.186440677966102,6317
Panic Disorde,Alprazolam,9.172619047619047,6929
Panic Disorde,Anafranil,9.166666666666666,433
Panic Disorde,Clomipramine,9.125,417
Panic Disorde,Clonazepam,9.095238095238095,7171
Panic Disorde,Xanax XR,9.076923076923077,517
Panic Disorde,Klonopin,9.0,6544
Panic Disorde,Serzone,9.0,53
Panic Disorde,Ludiomil,9.0,47
Panic Disorde,Lorazepam,8.951219512195122,1886
Panic Disorde,Ativan,8.772727272727273,1093
Panic Disorde,Desvenlafaxine,8.75,41
Panic Disorde,Prozac,8.25,1928
Panic Disorde,Imipramine,8.181818181818182,544
Panic Disorde,Fluoxetine,8.162790697674419,2003
Panic Disorde,Propranolol,8.117647058823529,472
Panic Disorde,Paxil,8.021739130434783,1437
Panic Disorde,Celexa,8.0,401
Panic Disorde,Lorazepam Intensol,8.0,37
Panic Disorde,Sertraline,7.932038834951456,8516
Panic Disorde,Zoloft,7.884146341463414,7797
Panic Disorde,Pristiq,7.833333333333333,57
Panic Disorde,Effexor XR,7.75,597
Panic Disorde,Paroxetine,7.734375,1678
Panic Disorde,Citalopram,7.72093023255814,1693
Panic Disorde,Wellbutrin,7.5,248
Panic Disorde,Venlafaxine,7.3478260869565215,627
Panic Disorde,Maprotiline,7.333333333333333,59
Panic Disorde,Bupropion,6.857142857142857,460
Panic Disorde,Buspirone,5.791666666666667,2261
Panic Disorde,BuSpar,5.72,1537
Panic Disorde,Paxil CR,5.666666666666667,63
Smoking Cessation,Pamelor,9.5,94
Smoking Cessation,Nortriptyline,9.5,63
Smoking Cessation,Nicoderm CQ,9.153846153846153,770
Smoking Cessation,Commit,8.928571428571429,170
Smoking Cessation,Chantix,8.883096366508688,12802
Smoking Cessation,Varenicline,8.840764331210192,15134
Smoking Cessation,Habitrol,8.75,70
Smoking Cessation,Zyban,8.741379310344827,3121
Smoking Cessation,Nicorette,8.4,122
Smoking Cessation,Bupropion,8.306122448979592,4916
Smoking Cessation,Nicotine,8.238095238095237,2010
Smoking Cessation,Nicotrol Inhaler,8.071428571428571,488
Smoking Cessation,Buproban,4.5,32
Smoking Cessation,Topamax,2.0,15
Smoking Cessation,Topiramate,2.0,15
Smoking Cessation,Leader Nicotine Polacrilex,2.0,3
Smoking Cessation,Nicotrol NS,1.0,10
Urinary Tract Infection,Amoxil,10.0,310
Urinary Tract Infection,Acidophilus,10.0,189
Urinary Tract Infection,Hiprex,10.0,75
Urinary Tract Infection,Ampicillin,10.0,40
Urinary Tract Infection,Hyoscyamine / methenamine / methylene blue / sodium biphosphate,10.0,36
Urinary Tract Infection,Uta,10.0,36
Urinary Tract Infection,Sulfatrim,10.0,26
Urinary Tract Infection,Phosphasal,10.0,23
Urinary Tract Infection,Ofloxacin,10.0,8
Urinary Tract Infection,Suprax,10.0,7
Urinary Tract Infection,Cefixime,10.0,4
Urinary Tract Infection,Methenamine,9.8,177
Urinary Tract Infection,Cranberry,9.5,28
Urinary Tract Infection,Rocephin,9.333333333333334,448
Urinary Tract Infection,Ceftriaxone,9.307692307692308,336
Urinary Tract Infection,Urised,9.0,23
Urinary Tract Infection,Azo-Cranberry,9.0,20
Urinary Tract Infection,Ceftin,9.0,6
Urinary Tract Infection,Acetohydroxamic acid,9.0,4
Urinary Tract Infection,Lithostat,9.0,4
Urinary Tract Infection,Hyoscyamine / methenamine / methylene blue / phenyl salicylate,8.0,114
Urinary Tract Infection,Amoxicillin,7.529411764705882,2724
Urinary Tract Infection,Macrodantin,7.428571428571429,163
Urinary Tract Infection,Septra DS,7.222222222222222,164
Urinary Tract Infection,Ampicillin / sulbactam,7.0,7
Urinary Tract Infection,Doxycycline,6.933333333333334,721
Urinary Tract Infection,Septra,6.75,61
Urinary Tract Infection,Cefuroxime,6.666666666666667,165
Urinary Tract Infection,Levaquin,6.444444444444445,713
Urinary Tract Infection,Augmentin ES-600,6.0,15
Urinary Tract Infection,Cipro,5.824175824175824,4147
Urinary Tract Infection,Bactrim DS,5.777777777777778,1733
Urinary Tract Infection,Uribel,5.666666666666667,451
Urinary Tract Infection,Hyoscyamine / methenamine / methylene blue / phenyl salicylate / sodium biphosphate,5.333333333333333,327
Urinary Tract Infection,Ciprofloxacin,5.2875,4797
Urinary Tract Infection,Levofloxacin,5.28,774
Urinary Tract Infection,Sulfamethoxazole / trimethoprim,4.889830508474576,3899
Urinary Tract Infection,Bactrim,4.8625,1854
Urinary Tract Infection,Nitrofurantoin,4.817610062893082,5148
Urinary Tract Infection,Amoxicillin / clavulanate,4.8,381
Urinary Tract Infection,Macrobid,4.755102040816326,3590
Urinary Tract Infection,Augmentin,4.6,240
Urinary Tract Infection,Trimethoprim,2.6,14
Urinary Tract Infection,SMZ-TMP DS,2.142857142857143,119
Urinary Tract Infection,Amikacin,1.0,5
Urinary Tract Infection,Norfloxacin,1.0,0
Urinary Tract Infection,Noroxin,1.0,0
Vaginal Yeast Infection,Sporanox,10.0,27
Vaginal Yeast Infection,Nizoral,10.0,24
Vaginal Yeast Infection,Gynazole-1,10.0,13
Vaginal Yeast Infection,Clotrimazole,9.5,34
Vaginal Yeast Infection,Itraconazole,9.166666666666666,87
Vaginal Yeast Infection,Acidophilus,8.9,357
Vaginal Yeast Infection,Butoconazole,8.5,19
Vaginal Yeast Infection,Lactobacillus acidophilus,8.285714285714286,283
Vaginal Yeast Infection,Pedi-Dri,8.0,20
Vaginal Yeast Infection,Terazol,7.666666666666667,92
Vaginal Yeast Infection,Nystatin,7.0,38
Vaginal Yeast Infection,Fluconazole,6.971751412429379,5625
Vaginal Yeast Infection,Vagistat-1,6.571428571428571,116
Vaginal Yeast Infection,Diflucan,6.464285714285714,2329
Vaginal Yeast Infection,Terconazole,6.340909090909091,675
Vaginal Yeast Infection,Micon 7,6.0,13
Vaginal Yeast Infection,Terazol 7,5.5,44
Vaginal Yeast Infection,Tioconazole,4.477337110481586,4059
Vaginal Yeast Infection,Monistat 7-Day Combination Pack,3.7916666666666665,516
Vaginal Yeast Infection,Monistat 3-Day Combination Pack,3.704081632653061,891
Vaginal Yeast Infection,Monistat 7,3.032258064516129,337
Vaginal Yeast Infection,Miconazole,3.0180541624874624,6288
Vaginal Yeast Infection,Ketoconazole,3.0,10
Vaginal Yeast Infection,Monistat 1-Day or Night Combination Pack,1.4166666666666667,87
Vaginal Yeast Infection,M-Zole 3,1.0,0
Weight Loss,T-Diet,10.0,72
Weight Loss,Megace,10.0,68
Weight Loss,Megace ES,9.666666666666666,124
Weight Loss,Phentercot,9.5,45
Weight Loss,Adipex-P,9.058823529411764,15450
Weight Loss,Lomaira,9.0,3
Weight Loss,Phentermine,8.799339388934765,39137
Weight Loss,Megestrol,8.636363636363637,366
Weight Loss,Belviq XR,8.333333333333334,24
Weight Loss,Saxenda,8.294736842105262,1316
Weight Loss,Victoza,8.142857142857142,2039
Weight Loss,Phentride,8.0,40
Weight Loss,Lorcaserin,7.919896640826873,21707
Weight Loss,Liraglutide,7.903614457831325,2991
Weight Loss,Belviq,7.858267716535433,21440
Weight Loss,Phentermine / topiramate,7.847389558232932,10894
Weight Loss,Qsymia,7.695652173913044,10891
Weight Loss,Ionamin,7.285714285714286,211
Weight Loss,Fastin,7.171428571428572,2354
Weight Loss,Contrave,6.380228136882129,5305
Weight Loss,Bupropion / naltrexone,6.318352059925093,5377
ibromyalgia,Cesamet,10.0,104
ibromyalgia,Glucosamine,10.0,39
ibromyalgia,Gralise,9.0,131
ibromyalgia,Prozac,9.0,108
ibromyalgia,Escitalopram,8.6,377
ibromyalgia,Prednisone,8.45,785
ibromyalgia,Lexapro,8.428571428571429,334
ibromyalgia,Nabilone,8.4,289
ibromyalgia,Guaifenesin,8.36,2923
ibromyalgia,Nuvigil,8.333333333333334,435
ibromyalgia,Metaxalone,8.3125,640
ibromyalgia,Desvenlafaxine,8.153846153846153,252
ibromyalgia,Skelaxin,8.142857142857142,631
ibromyalgia,Armodafinil,8.142857142857142,346
ibromyalgia,Flexeril,7.8,603
ibromyalgia,Mucinex,7.722222222222222,1857
ibromyalgia,Sodium oxybate,7.714285714285714,320
ibromyalgia,Cyclobenzaprine,7.620689655172414,1058
ibromyalgia,Naltrexone,7.533333333333333,830
ibromyalgia,Mobic,7.5,472
ibromyalgia,Amrix,7.5,213
ibromyalgia,Tramadol,7.395604395604396,4175
ibromyalgia,Meloxicam,7.35,1065
ibromyalgia,Ultram ER,7.25,154
ibromyalgia,Xyrem,7.166666666666667,309
ibromyalgia,Desyrel,7.166666666666667,245
ibromyalgia,Pristiq,7.090909090909091,197
ibromyalgia,Venlafaxine,7.076923076923077,1007
ibromyalgia,Trazodone,7.0,532
ibromyalgia,Savella,6.826923076923077,9392
ibromyalgia,Ultram,6.8,1038
ibromyalgia,Amitriptyline,6.6923076923076925,2120
ibromyalgia,Gabapentin,6.653061224489796,5975
ibromyalgia,Milnacipran,6.65,8890
ibromyalgia,Lyrica,6.603174603174603,10285
ibromyalgia,Duloxetine,6.5394736842105265,5841
ibromyalgia,Fluoxetine,6.5,281
ibromyalgia,Pregabalin,6.495283018867925,10427
ibromyalgia,Cymbalta,6.438356164383562,5663
ibromyalgia,Neurontin,6.4,1012
ibromyalgia,Topiramate,6.24,1027
ibromyalgia,Elavil,5.785714285714286,832
ibromyalgia,Effexor XR,5.666666666666667,95
ibromyalgia,Topamax,5.5,664
ibromyalgia,Effexor,4.0,207
